gene_id,marker_symbol,ensembl_gene_id,ensembl_exon_id,exon_size,exon_rank,canonical_transcript,chr_name,chr_strand,ins_start,ins_end,ins_seq,assembly,build,species,fail_reason
MGI:88339,Cd48,ENSMUSG00000015355,ENSMUSE00000161423,303,2,ENSMUST00000068584,1,1,171695784,171695787,TAGA,GRCm38,79,Mouse,"No crisprs found overlapping insertion site"
MGI:1313302,Cenpf,ENSMUSG00000026605,ENSMUSE00000900914,3428,12,ENSMUST00000171929,1,-1,189659994,189659997,TAGA,GRCm38,79,Mouse,"No crisprs found overlapping insertion site"
MGI:1313302,Cenpf,ENSMUSG00000026605,ENSMUSE00000900914,3428,12,ENSMUST00000171929,1,-1,189659880,189659883,TAGA,GRCm38,79,Mouse,"No crisprs found overlapping insertion site"
MGI:101913,Chml,ENSMUSG00000078185,ENSMUSE00000665133,6117,1,ENSMUST00000104984,1,-1,175687440,175687443,TAGA,GRCm38,79,Mouse,"No crisprs found overlapping insertion site"
MGI:107403,Clk1,ENSMUSG00000026034,ENSMUSE00001257234,161,2,ENSMUST00000034868,1,-1,58421836,58421839,GAGA,GRCm38,79,Mouse,"No crisprs found overlapping insertion site"
MGI:1341299,Dnm3,ENSMUSG00000040265,ENSMUSE00001274537,150,3,ENSMUST00000070330,1,-1,162355444,162355447,GAGA,GRCm38,79,Mouse,"No crisprs found overlapping insertion site"
MGI:3646410,Gm4955,ENSMUSG00000037849,ENSMUSE00000857349,285,2,ENSMUST00000160565,1,-1,173486804,173486807,TAGA,GRCm38,79,Mouse,"No crisprs found overlapping insertion site"
MGI:3647616,Gm8251,ENSMUSG00000091844,ENSMUSE00000912030,5985,1,ENSMUST00000168641,1,-1,44059538,44059541,TAGA,GRCm38,79,Mouse,"No crisprs found overlapping insertion site"
MGI:2444343,Nbeal1,ENSMUSG00000073664,ENSMUSE00000290519,160,21,ENSMUST00000160834,1,1,60251102,60251105,TAGA,GRCm38,79,Mouse,"No crisprs found overlapping insertion site"
MGI:2446126,Phf3,ENSMUSG00000048874,ENSMUSE00001029361,310,5,ENSMUST00000186733,1,-1,30824359,30824362,GAGA,GRCm38,79,Mouse,"No crisprs found overlapping insertion site"
MGI:2446126,Phf3,ENSMUSG00000048874,ENSMUSE00001029361,310,5,ENSMUST00000186733,1,-1,30824367,30824370,TAGA,GRCm38,79,Mouse,"No crisprs found overlapping insertion site"
MGI:3695276,Pydc4,ENSMUSG00000073491,ENSMUSE00001031517,285,3,ENSMUST00000097462,1,-1,173595217,173595220,TAGA,GRCm38,79,Mouse,"No crisprs found overlapping insertion site"
MGI:1919086,Shcbp1l,ENSMUSG00000042708,ENSMUSE00001059741,219,5,ENSMUST00000042373,1,1,153435982,153435985,GAGA,GRCm38,79,Mouse,"No crisprs found overlapping insertion site"
MGI:1919378,2610008E11Rik,ENSMUSG00000060301,ENSMUSE00000642100,3678,6,ENSMUST00000039271,10,-1,79067605,79067608,GAGA,GRCm38,79,Mouse,"No crisprs found overlapping insertion site"
MGI:1919378,2610008E11Rik,ENSMUSG00000060301,ENSMUSE00000642100,3678,6,ENSMUST00000039271,10,-1,79067590,79067593,TAGA,GRCm38,79,Mouse,"No crisprs found overlapping insertion site"
MGI:1925237,Ascc3,ENSMUSG00000038774,ENSMUSE00000411192,151,3,ENSMUST00000035606,10,1,50608002,50608005,TAGA,GRCm38,79,Mouse,"No crisprs found overlapping insertion site"
MGI:1917580,Bclaf1,ENSMUSG00000037608,ENSMUSE00000615778,666,5,ENSMUST00000043881,10,1,20325482,20325485,TAGA,GRCm38,79,Mouse,"No crisprs found overlapping insertion site"
MGI:2442192,Eea1,ENSMUSG00000036499,ENSMUSE00000266693,156,9,ENSMUST00000053484,10,1,95997027,95997030,GAGA,GRCm38,79,Mouse,"No crisprs found overlapping insertion site"
MGI:1918614,Jmjd1c,ENSMUSG00000037876,ENSMUSE00000575821,1682,8,ENSMUST00000051446,10,1,67219715,67219718,GAGA,GRCm38,79,Mouse,"No crisprs found overlapping insertion site"
MGI:1344353,Katna1,ENSMUSG00000019794,ENSMUSE00000518766,158,3,ENSMUST00000165806,10,1,7741478,7741481,TAGA,GRCm38,79,Mouse,"No crisprs found overlapping insertion site"
MGI:1922567,Parpbp,ENSMUSG00000035365,ENSMUSE00000418055,231,3,ENSMUST00000048518,10,-1,88139933,88139936,TAGA,GRCm38,79,Mouse,"No crisprs found overlapping insertion site"
MGI:894323,Ranbp2,ENSMUSG00000003226,ENSMUSE00000292303,138,14,ENSMUST00000003310,10,1,58465517,58465520,TAGA,GRCm38,79,Mouse,"No crisprs found overlapping insertion site"
MGI:1926058,Stxbp5,ENSMUSG00000019790,ENSMUSE00000415966,221,15,ENSMUST00000141722,10,-1,9809159,9809162,TAGA,GRCm38,79,Mouse,"No crisprs found overlapping insertion site"
MGI:1098693,Tet1,ENSMUSG00000047146,ENSMUSE00000942007,1982,2,ENSMUST00000174189,10,-1,62879221,62879224,TAGA,GRCm38,79,Mouse,"No crisprs found overlapping insertion site"
MGI:3039618,Zbtb24,ENSMUSG00000019826,ENSMUSE00000381687,980,2,ENSMUST00000080771,10,1,41451677,41451680,GAGA,GRCm38,79,Mouse,"No crisprs found overlapping insertion site"
MGI:3039618,Zbtb24,ENSMUSG00000019826,ENSMUSE00000381687,980,2,ENSMUST00000080771,10,1,41451701,41451704,TAGA,GRCm38,79,Mouse,"No crisprs found overlapping insertion site"
MGI:1919830,Zufsp,ENSMUSG00000039531,ENSMUSE00000317062,570,3,ENSMUST00000048222,10,-1,33949107,33949110,TAGA,GRCm38,79,Mouse,"No crisprs found overlapping insertion site"
MGI:1913608,Adprm,ENSMUSG00000020910,ENSMUSE00000340332,627,3,ENSMUST00000116363,11,-1,67041687,67041690,TAGA,GRCm38,79,Mouse,"No crisprs found overlapping insertion site"
MGI:1913608,Adprm,ENSMUSG00000020910,ENSMUSE00000340332,627,3,ENSMUST00000116363,11,-1,67041810,67041813,TAGA,GRCm38,79,Mouse,"No crisprs found overlapping insertion site"
MGI:3652173,Gm12185,ENSMUSG00000048852,ENSMUSE00000371806,1207,2,ENSMUST00000094476,11,-1,48915887,48915890,TAGA,GRCm38,79,Mouse,"No crisprs found overlapping insertion site"
MGI:3652173,Gm12185,ENSMUSG00000048852,ENSMUSE00000371806,1207,2,ENSMUST00000094476,11,-1,48915815,48915818,TAGA,GRCm38,79,Mouse,"No crisprs found overlapping insertion site"
MGI:104667,Hmmr,ENSMUSG00000020330,ENSMUSE00001232471,189,5,ENSMUST00000020579,11,-1,40723483,40723486,GAGA,GRCm38,79,Mouse,"No crisprs found overlapping insertion site"
MGI:1342292,Hspa4,ENSMUSG00000020361,ENSMUSE00001262929,245,7,ENSMUST00000020630,11,-1,53280562,53280565,GAGA,GRCm38,79,Mouse,"No crisprs found overlapping insertion site"
MGI:1913463,Med7,ENSMUSG00000020397,ENSMUSE00000839134,2159,3,ENSMUST00000109232,11,1,46440905,46440908,TAGA,GRCm38,79,Mouse,"No crisprs found overlapping insertion site"
MGI:1913463,Med7,ENSMUSG00000020397,ENSMUSE00000839134,2159,3,ENSMUST00000109232,11,1,46440813,46440816,GAGA,GRCm38,79,Mouse,"No crisprs found overlapping insertion site"
MGI:1930780,Myh10,ENSMUSG00000020900,ENSMUSE00000588914,161,19,ENSMUST00000102611,11,1,68785290,68785293,GAGA,GRCm38,79,Mouse,"No crisprs found overlapping insertion site"
MGI:3650906,Zfp616,ENSMUSG00000069476,ENSMUSE00001047446,2964,1,ENSMUST00000178159,11,1,74083645,74083648,GAGA,GRCm38,79,Mouse,"No crisprs found overlapping insertion site"
MGI:3650906,Zfp616,ENSMUSG00000069476,ENSMUSE00001047446,2964,1,ENSMUST00000178159,11,1,74083325,74083328,GAGA,GRCm38,79,Mouse,"No crisprs found overlapping insertion site"
MGI:88052,Apob,ENSMUSG00000020609,ENSMUSE00000237807,7467,26,ENSMUST00000037811,12,1,8008039,8008042,GAGA,GRCm38,79,Mouse,"No crisprs found overlapping insertion site"
MGI:88052,Apob,ENSMUSG00000020609,ENSMUSE00000237807,7467,26,ENSMUST00000037811,12,1,8007963,8007966,TAGA,GRCm38,79,Mouse,"No crisprs found overlapping insertion site"
MGI:88052,Apob,ENSMUSG00000020609,ENSMUSE00000237807,7467,26,ENSMUST00000037811,12,1,8008114,8008117,GAGA,GRCm38,79,Mouse,"No crisprs found overlapping insertion site"
MGI:1332637,Arhgap5,ENSMUSG00000035133,ENSMUSE00000685088,3891,1,ENSMUST00000110725,12,1,52516364,52516367,TAGA,GRCm38,79,Mouse,"No crisprs found overlapping insertion site"
MGI:2679513,Dbpht2,ENSMUSG00000029878,ENSMUSE00000504475,2995,1,ENSMUST00000072100,12,1,74298983,74298986,GAGA,GRCm38,79,Mouse,"No crisprs found overlapping insertion site"
MGI:2144814,Lrfn5,ENSMUSG00000035653,ENSMUSE00000614088,1405,3,ENSMUST00000055815,12,1,61839730,61839733,GAGA,GRCm38,79,Mouse,"No crisprs found overlapping insertion site"
MGI:1927339,Mpp5,ENSMUSG00000021112,ENSMUSE00000281577,209,4,ENSMUST00000082024,12,1,78809854,78809857,GAGA,GRCm38,79,Mouse,"No crisprs found overlapping insertion site"
MGI:1923294,Ncapg2,ENSMUSG00000042029,ENSMUSE00000517095,135,7,ENSMUST00000084828,12,1,116415496,116415499,TAGA,GRCm38,79,Mouse,"No crisprs found overlapping insertion site"
MGI:2449316,Syne2,ENSMUSG00000063450,ENSMUSE00000756444,159,23,ENSMUST00000044217,12,1,75922990,75922993,TAGA,GRCm38,79,Mouse,"No crisprs found overlapping insertion site"
MGI:1919621,2210408I21Rik,ENSMUSG00000071252,ENSMUSE00000570090,670,4,ENSMUST00000168779,13,1,77192794,77192797,GAGA,GRCm38,79,Mouse,"No crisprs found overlapping insertion site"
MGI:3036250,A530054K11Rik,ENSMUSG00000021510,ENSMUSE00000467708,4849,4,ENSMUST00000012314,13,-1,67620936,67620939,GAGA,GRCm38,79,Mouse,"No crisprs found overlapping insertion site"
MGI:107592,Hmgcs1,ENSMUSG00000093930,ENSMUSE00001078991,458,2,ENSMUST00000179869,13,1,119699956,119699959,GAGA,GRCm38,79,Mouse,"No crisprs found overlapping insertion site"
MGI:2681523,Tnpo1,ENSMUSG00000009470,ENSMUSE00000119723,134,6,ENSMUST00000109401,13,-1,98875670,98875673,TAGA,GRCm38,79,Mouse,"No crisprs found overlapping insertion site"
MGI:1921694,D14Abb1e,ENSMUSG00000040651,ENSMUSE00000248205,702,14,ENSMUST00000022450,14,1,27461184,27461187,TAGA,GRCm38,79,Mouse,"No crisprs found overlapping insertion site"
MGI:1921694,D14Abb1e,ENSMUSG00000040651,ENSMUSE00000248205,702,14,ENSMUST00000022450,14,1,27461282,27461285,GAGA,GRCm38,79,Mouse,"No crisprs found overlapping insertion site"
MGI:1098749,Erc2,ENSMUSG00000040640,ENSMUSE00000563195,417,3,ENSMUST00000090302,14,1,27777035,27777038,GAGA,GRCm38,79,Mouse,"No crisprs found overlapping insertion site"
MGI:1922589,Mphosph8,ENSMUSG00000079184,ENSMUSE00000309562,849,3,ENSMUST00000116468,14,1,56674231,56674234,GAGA,GRCm38,79,Mouse,"No crisprs found overlapping insertion site"
MGI:2443198,Slitrk6,ENSMUSG00000045871,ENSMUSE00000475108,3720,2,ENSMUST00000078386,14,-1,110751754,110751757,GAGA,GRCm38,79,Mouse,"No crisprs found overlapping insertion site"
MGI:98927,Vcl,ENSMUSG00000021823,ENSMUSE00000121224,161,6,ENSMUST00000022369,14,1,20987036,20987039,TAGA,GRCm38,79,Mouse,"No crisprs found overlapping insertion site"
MGI:1914552,Zc3h13,ENSMUSG00000022000,ENSMUSE00000122849,601,12,ENSMUST00000022577,14,1,75327805,75327808,GAGA,GRCm38,79,Mouse,"No crisprs found overlapping insertion site"
MGI:1923257,Zmym2,ENSMUSG00000021945,ENSMUSE00000476362,857,2,ENSMUST00000022511,14,1,56902866,56902869,TAGA,GRCm38,79,Mouse,"No crisprs found overlapping insertion site"
MGI:1923011,Apol7a,ENSMUSG00000010601,ENSMUSE00000951562,1795,6,ENSMUST00000176074,15,-1,77389874,77389877,TAGA,GRCm38,79,Mouse,"No crisprs found overlapping insertion site"
MGI:1923011,Apol7a,ENSMUSG00000010601,ENSMUSE00000951562,1795,6,ENSMUST00000176074,15,-1,77389901,77389904,TAGA,GRCm38,79,Mouse,"No crisprs found overlapping insertion site"
MGI:1923011,Apol7a,ENSMUSG00000010601,ENSMUSE00000951562,1795,6,ENSMUST00000176074,15,-1,77389893,77389896,TAGA,GRCm38,79,Mouse,"No crisprs found overlapping insertion site"
MGI:2444173,Lmbrd2,ENSMUSG00000039704,ENSMUSE00000270149,184,9,ENSMUST00000090380,15,1,9172130,9172133,TAGA,GRCm38,79,Mouse,"No crisprs found overlapping insertion site"
MGI:2146005,Mtbp,ENSMUSG00000022369,ENSMUSE00001240782,152,4,ENSMUST00000022998,15,1,55563013,55563016,TAGA,GRCm38,79,Mouse,"No crisprs found overlapping insertion site"
MGI:1933973,Rbfox2,ENSMUSG00000033565,ENSMUSE00000234274,147,4,ENSMUST00000171751,15,-1,77117001,77117004,GAGA,GRCm38,79,Mouse,"No crisprs found overlapping insertion site"
MGI:1919443,Scaf11,ENSMUSG00000033228,ENSMUSE00000338047,2775,11,ENSMUST00000047835,15,-1,96419871,96419874,TAGA,GRCm38,79,Mouse,"No crisprs found overlapping insertion site"
MGI:2154049,Smc1b,ENSMUSG00000022432,ENSMUSE00000126486,259,6,ENSMUST00000023068,15,-1,85121764,85121767,TAGA,GRCm38,79,Mouse,"No crisprs found overlapping insertion site"
MGI:108399,Tcf20,ENSMUSG00000041852,ENSMUSE00000474361,5772,2,ENSMUST00000109510,15,-1,82856658,82856661,GAGA,GRCm38,79,Mouse,"No crisprs found overlapping insertion site"
MGI:1920479,3110052M02Rik,ENSMUSG00000035868,ENSMUSE00000322531,1226,3,ENSMUST00000039726,17,1,21661633,21661636,GAGA,GRCm38,79,Mouse,"No crisprs found overlapping insertion site"
MGI:1921292,4921501E09Rik,ENSMUSG00000023350,ENSMUSE00000476980,3916,1,ENSMUST00000024121,17,-1,33066776,33066779,GAGA,GRCm38,79,Mouse,"No crisprs found overlapping insertion site"
MGI:1921292,4921501E09Rik,ENSMUSG00000023350,ENSMUSE00000476980,3916,1,ENSMUST00000024121,17,-1,33066782,33066785,GAGA,GRCm38,79,Mouse,"No crisprs found overlapping insertion site"
MGI:1276108,Birc6,ENSMUSG00000024073,ENSMUSE00001207153,347,28,ENSMUST00000180037,17,1,74612122,74612125,TAGA,GRCm38,79,Mouse,"No crisprs found overlapping insertion site"
MGI:105917,Fer,ENSMUSG00000000127,ENSMUSE00000405286,266,1,ENSMUST00000000129,17,1,63896178,63896181,GAGA,GRCm38,79,Mouse,"No crisprs found overlapping insertion site"
MGI:104669,Man2a1,ENSMUSG00000024085,ENSMUSE00000306920,252,2,ENSMUST00000086723,17,1,64624591,64624594,GAGA,GRCm38,79,Mouse,"No crisprs found overlapping insertion site"
MGI:3039623,Thada,ENSMUSG00000024251,ENSMUSE00000372617,149,5,ENSMUST00000047524,17,-1,84455090,84455093,TAGA,GRCm38,79,Mouse,"No crisprs found overlapping insertion site"
MGI:2159626,Vmn1r225,ENSMUSG00000043537,ENSMUSE00000341503,897,1,ENSMUST00000061660,17,1,20502426,20502429,TAGA,GRCm38,79,Mouse,"No crisprs found overlapping insertion site"
MGI:2159616,Vmn1r226,ENSMUSG00000042848,ENSMUSE00000495912,897,1,ENSMUST00000061756,17,1,20687635,20687638,TAGA,GRCm38,79,Mouse,"No crisprs found overlapping insertion site"
MGI:2159615,Vmn1r229,ENSMUSG00000061150,ENSMUSE00000493437,921,1,ENSMUST00000076759,17,1,20814622,20814625,TAGA,GRCm38,79,Mouse,"No crisprs found overlapping insertion site"
MGI:1316665,Vmn2r104,ENSMUSG00000090315,ENSMUSE00000994505,792,3,ENSMUST00000168050,17,-1,20041743,20041746,TAGA,GRCm38,79,Mouse,"No crisprs found overlapping insertion site"
MGI:3644483,Vmn2r120,ENSMUSG00000090655,ENSMUSE00000907963,807,4,ENSMUST00000165781,17,-1,57525084,57525087,GAGA,GRCm38,79,Mouse,"No crisprs found overlapping insertion site"
MGI:99185,Zfp40,ENSMUSG00000002617,ENSMUSE00000495146,3496,6,ENSMUST00000037057,17,-1,23177278,23177281,GAGA,GRCm38,79,Mouse,"No crisprs found overlapping insertion site"
MGI:1921793,Zfp871,ENSMUSG00000024298,ENSMUSE00000912250,4773,4,ENSMUST00000159086,17,-1,32775702,32775705,GAGA,GRCm38,79,Mouse,"No crisprs found overlapping insertion site"
MGI:1920483,Zfp942,ENSMUSG00000071267,ENSMUSE00000572335,2530,6,ENSMUST00000091879,17,-1,21928954,21928957,GAGA,GRCm38,79,Mouse,"No crisprs found overlapping insertion site"
MGI:1920483,Zfp942,ENSMUSG00000071267,ENSMUSE00000572335,2530,6,ENSMUST00000091879,17,-1,21928938,21928941,GAGA,GRCm38,79,Mouse,"No crisprs found overlapping insertion site"
MGI:1925055,Esco1,ENSMUSG00000024293,ENSMUSE00000506434,2130,3,ENSMUST00000025142,18,-1,10594812,10594815,GAGA,GRCm38,79,Mouse,"No crisprs found overlapping insertion site"
MGI:3588218,F830016B08Rik,ENSMUSG00000090942,ENSMUSE00000910018,3190,2,ENSMUST00000171297,18,1,60300160,60300163,TAGA,GRCm38,79,Mouse,"No crisprs found overlapping insertion site"
MGI:2443008,Trappc8,ENSMUSG00000033382,ENSMUSE00000409531,257,7,ENSMUST00000025177,18,-1,20866093,20866096,GAGA,GRCm38,79,Mouse,"No crisprs found overlapping insertion site"
MGI:1346031,Tshz1,ENSMUSG00000046982,ENSMUSE00000352322,4615,2,ENSMUST00000060303,18,-1,84016125,84016128,GAGA,GRCm38,79,Mouse,"No crisprs found overlapping insertion site"
MGI:2444398,9930021J03Rik,ENSMUSG00000046138,ENSMUSE00000954188,5205,8,ENSMUST00000175726,19,-1,29719396,29719399,TAGA,GRCm38,79,Mouse,"No crisprs found overlapping insertion site"
MGI:2147538,Btaf1,ENSMUSG00000040565,ENSMUSE00000328356,427,20,ENSMUST00000099494,19,1,36986692,36986695,GAGA,GRCm38,79,Mouse,"No crisprs found overlapping insertion site"
MGI:1930042,Dclre1a,ENSMUSG00000025077,ENSMUSE00001278886,1632,3,ENSMUST00000182276,19,-1,56545397,56545400,TAGA,GRCm38,79,Mouse,"No crisprs found overlapping insertion site"
MGI:1930042,Dclre1a,ENSMUSG00000025077,ENSMUSE00000147806,1067,2,ENSMUST00000182276,19,-1,56546811,56546814,GAGA,GRCm38,79,Mouse,"No crisprs found overlapping insertion site"
MGI:1915508,Fam111a,ENSMUSG00000024691,ENSMUSE00000785492,2934,5,ENSMUST00000144662,19,1,12587597,12587600,GAGA,GRCm38,79,Mouse,"No crisprs found overlapping insertion site"
MGI:1914116,Nhlrc2,ENSMUSG00000025078,ENSMUSE00000147817,456,3,ENSMUST00000071423,19,1,56570635,56570638,GAGA,GRCm38,79,Mouse,"No crisprs found overlapping insertion site"
MGI:103241,Slk,ENSMUSG00000025060,ENSMUSE00000147643,1350,9,ENSMUST00000051691,19,1,47619957,47619960,GAGA,GRCm38,79,Mouse,"No crisprs found overlapping insertion site"
MGI:1919922,Zfp518a,ENSMUSG00000049164,ENSMUSE00000356320,6450,5,ENSMUST00000050092,19,1,40911701,40911704,GAGA,GRCm38,79,Mouse,"No crisprs found overlapping insertion site"
MGI:1919922,Zfp518a,ENSMUSG00000049164,ENSMUSE00000356320,6450,5,ENSMUST00000050092,19,1,40911956,40911959,GAGA,GRCm38,79,Mouse,"No crisprs found overlapping insertion site"
MGI:2138853,AI182371,ENSMUSG00000035875,ENSMUSE00001268589,163,3,ENSMUST00000045776,2,-1,35095838,35095841,TAGA,GRCm38,79,Mouse,"No crisprs found overlapping insertion site"
MGI:2664111,Fsip2,ENSMUSG00000075249,ENSMUSE00000815932,8944,16,ENSMUST00000143764,2,1,82978506,82978509,TAGA,GRCm38,79,Mouse,"No crisprs found overlapping insertion site"
MGI:2664111,Fsip2,ENSMUSG00000075249,ENSMUSE00000815932,8944,16,ENSMUST00000143764,2,1,82977177,82977180,TAGA,GRCm38,79,Mouse,"No crisprs found overlapping insertion site"
MGI:2664111,Fsip2,ENSMUSG00000075249,ENSMUSE00000815932,8944,16,ENSMUST00000143764,2,1,82980411,82980414,TAGA,GRCm38,79,Mouse,"No crisprs found overlapping insertion site"
MGI:2664111,Fsip2,ENSMUSG00000075249,ENSMUSE00000815932,8944,16,ENSMUST00000143764,2,1,82975634,82975637,GAGA,GRCm38,79,Mouse,"No crisprs found overlapping insertion site"
MGI:2664111,Fsip2,ENSMUSG00000075249,ENSMUSE00000815932,8944,16,ENSMUST00000143764,2,1,82978383,82978386,TAGA,GRCm38,79,Mouse,"No crisprs found overlapping insertion site"
MGI:2664111,Fsip2,ENSMUSG00000075249,ENSMUSE00000815932,8944,16,ENSMUST00000143764,2,1,82980417,82980420,TAGA,GRCm38,79,Mouse,"No crisprs found overlapping insertion site"
MGI:2139447,Galnt13,ENSMUSG00000060988,ENSMUSE00000515557,167,5,ENSMUST00000112635,2,1,54854686,54854689,TAGA,GRCm38,79,Mouse,"No crisprs found overlapping insertion site"
MGI:1918836,Ifih1,ENSMUSG00000026896,ENSMUSE00001271976,218,7,ENSMUST00000028259,2,-1,62610564,62610567,GAGA,GRCm38,79,Mouse,"No crisprs found overlapping insertion site"
MGI:1915392,Ino80,ENSMUSG00000034154,ENSMUSE00000305548,162,5,ENSMUST00000049920,2,-1,119454129,119454132,GAGA,GRCm38,79,Mouse,"No crisprs found overlapping insertion site"
MGI:97292,Neb,ENSMUSG00000026950,ENSMUSE00000645315,312,49,ENSMUST00000036934,2,-1,52271472,52271475,GAGA,GRCm38,79,Mouse,"No crisprs found overlapping insertion site"
MGI:2138986,Qser1,ENSMUSG00000074994,ENSMUSE00000714265,3678,3,ENSMUST00000117237,2,-1,104787749,104787752,TAGA,GRCm38,79,Mouse,"No crisprs found overlapping insertion site"
MGI:98249,Scn3a,ENSMUSG00000057182,ENSMUSE00000878605,314,2,ENSMUST00000100069,2,-1,65536580,65536583,GAGA,GRCm38,79,Mouse,"No crisprs found overlapping insertion site"
MGI:2443480,Setx,ENSMUSG00000043535,ENSMUSE00000568339,4119,10,ENSMUST00000061578,2,1,29144793,29144796,TAGA,GRCm38,79,Mouse,"No crisprs found overlapping insertion site"
MGI:98864,Ttn,ENSMUSG00000051747,ENSMUSE00000689690,282,67,ENSMUST00000111846,2,-1,76892634,76892637,TAGA,GRCm38,79,Mouse,"No crisprs found overlapping insertion site"
MGI:1922333,Usp50,ENSMUSG00000027364,ENSMUSE00000168741,210,4,ENSMUST00000028842,2,-1,126777973,126777976,GAGA,GRCm38,79,Mouse,"No crisprs found overlapping insertion site"
MGI:2685198,Xirp2,ENSMUSG00000027022,ENSMUSE00000165506,9265,7,ENSMUST00000028410,2,1,67512934,67512937,GAGA,GRCm38,79,Mouse,"No crisprs found overlapping insertion site"
MGI:2685198,Xirp2,ENSMUSG00000027022,ENSMUSE00000165506,9265,7,ENSMUST00000028410,2,1,67510381,67510384,GAGA,GRCm38,79,Mouse,"No crisprs found overlapping insertion site"
MGI:2444402,Zbtb26,ENSMUSG00000050714,ENSMUSE00000452064,4832,2,ENSMUST00000067043,2,-1,37436902,37436905,GAGA,GRCm38,79,Mouse,"No crisprs found overlapping insertion site"
MGI:2444402,Zbtb26,ENSMUSG00000050714,ENSMUSE00000452064,4832,2,ENSMUST00000067043,2,-1,37436907,37436910,GAGA,GRCm38,79,Mouse,"No crisprs found overlapping insertion site"
MGI:2442998,Zbtb6,ENSMUSG00000066798,ENSMUSE00000693680,4421,3,ENSMUST00000112932,2,-1,37429431,37429434,GAGA,GRCm38,79,Mouse,"No crisprs found overlapping insertion site"
MGI:2442949,Zfp804a,ENSMUSG00000070866,ENSMUSE00000601034,3665,4,ENSMUST00000047527,2,1,82257502,82257505,TAGA,GRCm38,79,Mouse,"No crisprs found overlapping insertion site"
MGI:1914788,Zswim3,ENSMUSG00000045822,ENSMUSE00000374290,2374,2,ENSMUST00000052107,2,1,164819857,164819860,GAGA,GRCm38,79,Mouse,"No crisprs found overlapping insertion site"
MGI:1914788,Zswim3,ENSMUSG00000045822,ENSMUSE00000374290,2374,2,ENSMUST00000052107,2,1,164819864,164819867,TAGA,GRCm38,79,Mouse,"No crisprs found overlapping insertion site"
MGI:2444631,4932438A13Rik,ENSMUSG00000037270,ENSMUSE00000675734,198,36,ENSMUST00000057272,3,1,36958757,36958760,TAGA,GRCm38,79,Mouse,"No crisprs found overlapping insertion site"
MGI:2183158,Ash1l,ENSMUSG00000028053,ENSMUSE00000510362,4558,3,ENSMUST00000186583,3,1,88983788,88983791,GAGA,GRCm38,79,Mouse,"No crisprs found overlapping insertion site"
MGI:2442120,Bank1,ENSMUSG00000037922,ENSMUSE00000347560,399,2,ENSMUST00000041577,3,-1,136284170,136284173,TAGA,GRCm38,79,Mouse,"No crisprs found overlapping insertion site"
MGI:2442120,Bank1,ENSMUSG00000037922,ENSMUSE00000347560,399,2,ENSMUST00000041577,3,-1,136284164,136284167,GAGA,GRCm38,79,Mouse,"No crisprs found overlapping insertion site"
MGI:1921495,Ctbs,ENSMUSG00000028189,ENSMUSE00000177117,209,3,ENSMUST00000029840,3,1,146455050,146455053,TAGA,GRCm38,79,Mouse,"No crisprs found overlapping insertion site"
MGI:1314873,Hipk1,ENSMUSG00000008730,ENSMUSE00001210262,185,6,ENSMUST00000118317,3,-1,103761561,103761564,GAGA,GRCm38,79,Mouse,"No crisprs found overlapping insertion site"
MGI:2153839,Hps3,ENSMUSG00000027615,ENSMUSE00001277610,492,2,ENSMUST00000012580,3,-1,20030472,20030475,TAGA,GRCm38,79,Mouse,"No crisprs found overlapping insertion site"
MGI:1916582,Lelp1,ENSMUSG00000027927,ENSMUSE00000341860,768,2,ENSMUST00000029535,3,-1,92135601,92135604,TAGA,GRCm38,79,Mouse,"No crisprs found overlapping insertion site"
MGI:1347075,Nbea,ENSMUSG00000027799,ENSMUSE00000968210,1017,22,ENSMUST00000029374,3,-1,56004811,56004814,TAGA,GRCm38,79,Mouse,"No crisprs found overlapping insertion site"
MGI:109211,Pkn2,ENSMUSG00000004591,ENSMUSE00001309758,301,2,ENSMUST00000043812,3,-1,142853482,142853485,TAGA,GRCm38,79,Mouse,"No crisprs found overlapping insertion site"
MGI:1349399,Casp8ap2,ENSMUSG00000028282,ENSMUSE00000177847,2195,7,ENSMUST00000029950,4,1,32640356,32640359,GAGA,GRCm38,79,Mouse,"No crisprs found overlapping insertion site"
MGI:1349399,Casp8ap2,ENSMUSG00000028282,ENSMUSE00000177847,2195,7,ENSMUST00000029950,4,1,32640350,32640353,GAGA,GRCm38,79,Mouse,"No crisprs found overlapping insertion site"
MGI:1349399,Casp8ap2,ENSMUSG00000028282,ENSMUSE00000177847,2195,7,ENSMUST00000029950,4,1,32639957,32639960,TAGA,GRCm38,79,Mouse,"No crisprs found overlapping insertion site"
MGI:1349399,Casp8ap2,ENSMUSG00000028282,ENSMUSE00000177847,2195,7,ENSMUST00000029950,4,1,32640216,32640219,TAGA,GRCm38,79,Mouse,"No crisprs found overlapping insertion site"
MGI:3649790,Gm12394,ENSMUSG00000078722,ENSMUSE00000675104,2917,3,ENSMUST00000107981,4,-1,42794010,42794013,GAGA,GRCm38,79,Mouse,"No crisprs found overlapping insertion site"
MGI:3702694,Gm13051,ENSMUSG00000066009,ENSMUSE00000667301,2465,4,ENSMUST00000091878,4,1,146124708,146124711,GAGA,GRCm38,79,Mouse,"No crisprs found overlapping insertion site"
MGI:3651739,Gm13150,ENSMUSG00000086147,ENSMUSE00000667354,1829,5,ENSMUST00000146688,4,1,146989478,146989481,GAGA,GRCm38,79,Mouse,"No crisprs found overlapping insertion site"
MGI:3651985,Gm13151,ENSMUSG00000078498,ENSMUSE00000764733,2467,4,ENSMUST00000148762,4,1,147331819,147331822,GAGA,GRCm38,79,Mouse,"No crisprs found overlapping insertion site"
MGI:3652161,Gm13225,ENSMUSG00000078503,ENSMUSE00000667358,2598,5,ENSMUST00000105741,4,1,145537142,145537145,GAGA,GRCm38,79,Mouse,"No crisprs found overlapping insertion site"
MGI:1919906,Ints8,ENSMUSG00000040738,ENSMUSE00001279529,176,12,ENSMUST00000044616,4,-1,11230394,11230397,GAGA,GRCm38,79,Mouse,"No crisprs found overlapping insertion site"
MGI:107629,Luzp1,ENSMUSG00000001089,ENSMUSE00000667770,3163,4,ENSMUST00000170102,4,1,136541981,136541984,TAGA,GRCm38,79,Mouse,"No crisprs found overlapping insertion site"
MGI:1891840,Ncbp1,ENSMUSG00000028330,ENSMUSE00000370423,157,4,ENSMUST00000030014,4,1,46147468,46147471,TAGA,GRCm38,79,Mouse,"No crisprs found overlapping insertion site"
MGI:99919,Vcp,ENSMUSG00000028452,ENSMUSE00001265558,173,3,ENSMUST00000030164,4,-1,42995957,42995960,GAGA,GRCm38,79,Mouse,"No crisprs found overlapping insertion site"
MGI:1915560,Zmym1,ENSMUSG00000043872,ENSMUSE00000384560,2813,8,ENSMUST00000106102,4,-1,127049162,127049165,GAGA,GRCm38,79,Mouse,"No crisprs found overlapping insertion site"
MGI:2178217,Akap9,ENSMUSG00000040407,ENSMUSE00000887042,2346,7,ENSMUST00000044492,5,1,3960197,3960200,TAGA,GRCm38,79,Mouse,"No crisprs found overlapping insertion site"
MGI:2178217,Akap9,ENSMUSG00000040407,ENSMUSE00000887042,2346,7,ENSMUST00000044492,5,1,3960205,3960208,GAGA,GRCm38,79,Mouse,"No crisprs found overlapping insertion site"
MGI:1932101,Ankrd17,ENSMUSG00000055204,ENSMUSE00000188311,753,15,ENSMUST00000014421,5,-1,90283267,90283270,TAGA,GRCm38,79,Mouse,"No crisprs found overlapping insertion site"
MGI:3040669,BC005561,ENSMUSG00000079065,ENSMUSE00000656167,4961,2,ENSMUST00000096452,5,1,104517912,104517915,TAGA,GRCm38,79,Mouse,"No crisprs found overlapping insertion site"
MGI:3040669,BC005561,ENSMUSG00000079065,ENSMUSE00000656167,4961,2,ENSMUST00000096452,5,1,104517930,104517933,GAGA,GRCm38,79,Mouse,"No crisprs found overlapping insertion site"
MGI:3040669,BC005561,ENSMUSG00000079065,ENSMUSE00000656167,4961,2,ENSMUST00000096452,5,1,104517891,104517894,TAGA,GRCm38,79,Mouse,"No crisprs found overlapping insertion site"
MGI:3040669,BC005561,ENSMUSG00000079065,ENSMUSE00000656167,4961,2,ENSMUST00000096452,5,1,104517899,104517902,GAGA,GRCm38,79,Mouse,"No crisprs found overlapping insertion site"
MGI:2444804,Bod1l,ENSMUSG00000061755,ENSMUSE00000514314,5953,10,ENSMUST00000050556,5,-1,41821627,41821630,TAGA,GRCm38,79,Mouse,"No crisprs found overlapping insertion site"
MGI:1924825,Kmt2e,ENSMUSG00000029004,ENSMUSE00001304402,309,17,ENSMUST00000115128,5,1,23493385,23493388,GAGA,GRCm38,79,Mouse,"No crisprs found overlapping insertion site"
MGI:2443658,Prr14l,ENSMUSG00000054280,ENSMUSE00000708023,4594,6,ENSMUST00000120129,5,-1,32829878,32829881,GAGA,GRCm38,79,Mouse,"No crisprs found overlapping insertion site"
MGI:2443658,Prr14l,ENSMUSG00000054280,ENSMUSE00000708023,4594,6,ENSMUST00000120129,5,-1,32830210,32830213,GAGA,GRCm38,79,Mouse,"No crisprs found overlapping insertion site"
MGI:1861747,Rnf32,ENSMUSG00000029130,ENSMUSE00001223316,265,4,ENSMUST00000001247,5,1,29198700,29198703,GAGA,GRCm38,79,Mouse,"No crisprs found overlapping insertion site"
MGI:1919230,Utp3,ENSMUSG00000070697,ENSMUSE00000597555,1601,1,ENSMUST00000090413,5,1,88555241,88555244,GAGA,GRCm38,79,Mouse,"No crisprs found overlapping insertion site"
MGI:3647194,Vmn2r16,ENSMUSG00000092080,ENSMUSE00000984378,807,3,ENSMUST00000165180,5,1,109339939,109339942,GAGA,GRCm38,79,Mouse,"No crisprs found overlapping insertion site"
MGI:2443713,Ythdc1,ENSMUSG00000035851,ENSMUSE00001305997,329,3,ENSMUST00000038384,5,1,86816659,86816662,TAGA,GRCm38,79,Mouse,"No crisprs found overlapping insertion site"
MGI:1919861,Zfp655,ENSMUSG00000007812,ENSMUSE00000886982,3728,4,ENSMUST00000167316,5,1,145243777,145243780,TAGA,GRCm38,79,Mouse,"No crisprs found overlapping insertion site"
MGI:1919861,Zfp655,ENSMUSG00000007812,ENSMUSE00000886982,3728,4,ENSMUST00000167316,5,1,145243770,145243773,GAGA,GRCm38,79,Mouse,"No crisprs found overlapping insertion site"
MGI:1914496,2810474O19Rik,ENSMUSG00000032712,ENSMUSE00000315731,4380,3,ENSMUST00000046689,6,1,149326641,149326644,TAGA,GRCm38,79,Mouse,"No crisprs found overlapping insertion site"
MGI:1934606,Alms1,ENSMUSG00000063810,ENSMUSE00000614936,3768,8,ENSMUST00000072018,6,1,85621800,85621803,GAGA,GRCm38,79,Mouse,"No crisprs found overlapping insertion site"
MGI:1934606,Alms1,ENSMUSG00000063810,ENSMUSE00000614936,3768,8,ENSMUST00000072018,6,1,85621809,85621812,GAGA,GRCm38,79,Mouse,"No crisprs found overlapping insertion site"
MGI:1858952,Arhgef5,ENSMUSG00000033542,ENSMUSE00000880557,3121,2,ENSMUST00000031750,6,1,43273356,43273359,TAGA,GRCm38,79,Mouse,"No crisprs found overlapping insertion site"
MGI:3643462,Gm5581,ENSMUSG00000061969,ENSMUSE00000548710,2071,4,ENSMUST00000072940,6,-1,131168288,131168291,TAGA,GRCm38,79,Mouse,"No crisprs found overlapping insertion site"
MGI:1923539,Phf14,ENSMUSG00000029629,ENSMUSE00000619990,767,3,ENSMUST00000115511,6,1,11933337,11933340,TAGA,GRCm38,79,Mouse,"No crisprs found overlapping insertion site"
MGI:2150308,Plcz1,ENSMUSG00000030230,ENSMUSE00001243386,202,5,ENSMUST00000032356,6,-1,140023242,140023245,GAGA,GRCm38,79,Mouse,"No crisprs found overlapping insertion site"
MGI:2681304,Tas2r136,ENSMUSG00000053217,ENSMUSE00000422283,984,1,ENSMUST00000065532,6,-1,132777768,132777771,TAGA,GRCm38,79,Mouse,"No crisprs found overlapping insertion site"
MGI:2159465,Vmn1r16,ENSMUSG00000093523,ENSMUSE00000951724,1013,1,ENSMUST00000177267,6,-1,57323422,57323425,GAGA,GRCm38,79,Mouse,"No crisprs found overlapping insertion site"
MGI:2148523,Vmn1r29,ENSMUSG00000091734,ENSMUSE00000896738,1023,1,ENSMUST00000168416,6,1,58307492,58307495,GAGA,GRCm38,79,Mouse,"No crisprs found overlapping insertion site"
MGI:1922662,2610021A01Rik,ENSMUSG00000091474,ENSMUSE00000897327,3281,6,ENSMUST00000163475,7,1,41625708,41625711,GAGA,GRCm38,79,Mouse,"No crisprs found overlapping insertion site"
MGI:2676556,Akap13,ENSMUSG00000066406,ENSMUSE00000878734,3076,7,ENSMUST00000166315,7,1,75610380,75610383,TAGA,GRCm38,79,Mouse,"No crisprs found overlapping insertion site"
MGI:1920500,Ceacam5,ENSMUSG00000008789,ENSMUSE00000963353,360,5,ENSMUST00000081907,7,1,17750625,17750628,GAGA,GRCm38,79,Mouse,"No crisprs found overlapping insertion site"
MGI:109345,Ctr9,ENSMUSG00000005609,ENSMUSE00001291770,237,9,ENSMUST00000005749,7,1,111043140,111043143,GAGA,GRCm38,79,Mouse,"No crisprs found overlapping insertion site"
MGI:3033115,Mrgprb1,ENSMUSG00000070547,ENSMUSE00000593974,4039,2,ENSMUST00000094384,7,-1,48447852,48447855,TAGA,GRCm38,79,Mouse,"No crisprs found overlapping insertion site"
MGI:3643129,Vmn2r67,ENSMUSG00000095664,ENSMUSE00000988406,807,3,ENSMUST00000168730,7,-1,85152021,85152024,GAGA,GRCm38,79,Mouse,"No crisprs found overlapping insertion site"
MGI:2444763,Zfp418,ENSMUSG00000034538,ENSMUSE00000346904,2330,4,ENSMUST00000051435,7,1,7181628,7181631,GAGA,GRCm38,79,Mouse,"No crisprs found overlapping insertion site"
MGI:3039601,Zfp941,ENSMUSG00000060314,ENSMUSE00000668407,3626,3,ENSMUST00000106052,7,-1,140812825,140812828,TAGA,GRCm38,79,Mouse,"No crisprs found overlapping insertion site"
MGI:1924001,Chd9,ENSMUSG00000056608,ENSMUSE00000413880,1614,3,ENSMUST00000048665,8,1,90933564,90933567,TAGA,GRCm38,79,Mouse,"No crisprs found overlapping insertion site"
MGI:3647273,Gm5346,ENSMUSG00000050190,ENSMUSE00000480101,2320,1,ENSMUST00000056023,8,-1,43626517,43626520,TAGA,GRCm38,79,Mouse,"No crisprs found overlapping insertion site"
MGI:1935129,Smarca5,ENSMUSG00000031715,ENSMUSE00000581644,156,7,ENSMUST00000043359,8,-1,80726288,80726291,GAGA,GRCm38,79,Mouse,"No crisprs found overlapping insertion site"
MGI:1919486,Tsnaxip1,ENSMUSG00000031893,ENSMUSE00000214436,197,6,ENSMUST00000034365,8,1,105840122,105840125,GAGA,GRCm38,79,Mouse,"No crisprs found overlapping insertion site"
MGI:1890467,Vps35,ENSMUSG00000031696,ENSMUSE00000392370,214,6,ENSMUST00000034131,8,-1,85284078,85284081,GAGA,GRCm38,79,Mouse,"No crisprs found overlapping insertion site"
MGI:2384299,Zfp709,ENSMUSG00000056019,ENSMUSE00001326671,3646,4,ENSMUST00000188685,8,1,71889307,71889310,TAGA,GRCm38,79,Mouse,"No crisprs found overlapping insertion site"
MGI:3642748,Zfp882,ENSMUSG00000089857,ENSMUSE00000682325,2894,3,ENSMUST00000110002,8,1,71913655,71913658,GAGA,GRCm38,79,Mouse,"No crisprs found overlapping insertion site"
MGI:1916399,Kbtbd3,ENSMUSG00000025893,ENSMUSE00000153932,245,2,ENSMUST00000049648,9,1,4316973,4316976,TAGA,GRCm38,79,Mouse,"No crisprs found overlapping insertion site"
MGI:3030755,Olfr921,ENSMUSG00000049926,ENSMUSE00000333652,1114,3,ENSMUST00000062124,9,1,38775462,38775465,TAGA,GRCm38,79,Mouse,"No crisprs found overlapping insertion site"
MGI:2442104,Ppp2r3a,ENSMUSG00000043154,ENSMUSE00000530664,2432,2,ENSMUST00000075941,9,-1,101212479,101212482,TAGA,GRCm38,79,Mouse,"No crisprs found overlapping insertion site"
MGI:97887,Rdx,ENSMUSG00000032050,ENSMUSE00000584456,275,5,ENSMUST00000000590,9,1,52065749,52065752,GAGA,GRCm38,79,Mouse,"No crisprs found overlapping insertion site"
MGI:1918177,Setd2,ENSMUSG00000044791,ENSMUSE00000998185,4286,3,ENSMUST00000153838,9,1,110547379,110547382,TAGA,GRCm38,79,Mouse,"No crisprs found overlapping insertion site"
MGI:1920248,Zfp426,ENSMUSG00000059475,ENSMUSE00001266960,2700,7,ENSMUST00000115562,9,-1,20470851,20470854,TAGA,GRCm38,79,Mouse,"No crisprs found overlapping insertion site"
MGI:3045300,4930595M18Rik,ENSMUSG00000060673,ENSMUSE00000384684,744,1,ENSMUST00000080083,X,-1,81457535,81457538,TAGA,GRCm38,79,Mouse,"No crisprs found overlapping insertion site"
MGI:1919834,Cul4b,ENSMUSG00000031095,ENSMUSE00001007862,546,4,ENSMUST00000115118,X,-1,38564055,38564058,GAGA,GRCm38,79,Mouse,"No crisprs found overlapping insertion site"
MGI:1919834,Cul4b,ENSMUSG00000031095,ENSMUSE00001007862,546,4,ENSMUST00000115118,X,-1,38564059,38564062,GAGA,GRCm38,79,Mouse,"No crisprs found overlapping insertion site"
MGI:2685223,Fam46d,ENSMUSG00000073007,ENSMUSE00000653984,2615,6,ENSMUST00000167154,X,1,107870783,107870786,TAGA,GRCm38,79,Mouse,"No crisprs found overlapping insertion site"
MGI:3712084,Gm14781,ENSMUSG00000064129,ENSMUSE00000971504,1254,2,ENSMUST00000078469,X,1,91634972,91634975,GAGA,GRCm38,79,Mouse,"No crisprs found overlapping insertion site"
MGI:2685228,Gm382,ENSMUSG00000062791,ENSMUSE00000482444,3889,3,ENSMUST00000096332,X,1,127061863,127061866,TAGA,GRCm38,79,Mouse,"No crisprs found overlapping insertion site"
MGI:1349442,Med14,ENSMUSG00000064127,ENSMUSE00001284977,151,9,ENSMUST00000096495,X,-1,12745829,12745832,GAGA,GRCm38,79,Mouse,"No crisprs found overlapping insertion site"
MGI:1923079,Prame,ENSMUSG00000031411,ENSMUSE00000209338,585,9,ENSMUST00000113159,X,-1,135614899,135614902,TAGA,GRCm38,79,Mouse,"No crisprs found overlapping insertion site"
MGI:99212,Zfy1,ENSMUSG00000053211,ENSMUSE00001015775,552,4,ENSMUST00000189888,Y,-1,738963,738966,TAGA,GRCm38,79,Mouse,"No crisprs found overlapping insertion site"
MGI:99213,Zfy2,ENSMUSG00000000103,ENSMUSE00000984092,552,4,ENSMUST00000187148,Y,-1,2121650,2121653,TAGA,GRCm38,79,Mouse,"No crisprs found overlapping insertion site"
