gene_id,marker_symbol,ensembl_gene_id,ensembl_exon_id,exon_size,exon_rank,canonical_transcript,chr_name,chr_strand,ins_start,ins_end,ins_seq,assembly,build,species,fail_reason
MGI:2676312,Abca12,ENSMUSG00000050296,ENSMUSE00000395052,257,12,ENSMUST00000087268,1,-1,71321788,71321791,AAGA,GRCm38,79,Mouse,"No crisprs found overlapping insertion site"
MGI:88327,Cd28,ENSMUSG00000026012,ENSMUSE00000154891,357,2,ENSMUST00000027165,1,1,60763246,60763249,CAGA,GRCm38,79,Mouse,"No crisprs found overlapping insertion site"
MGI:1313302,Cenpf,ENSMUSG00000026605,ENSMUSE00000900914,3428,12,ENSMUST00000171929,1,-1,189657739,189657742,CAGA,GRCm38,79,Mouse,"No crisprs found overlapping insertion site"
MGI:1313302,Cenpf,ENSMUSG00000026605,ENSMUSE00000900914,3428,12,ENSMUST00000171929,1,-1,189659884,189659887,AAGA,GRCm38,79,Mouse,"No crisprs found overlapping insertion site"
MGI:1313302,Cenpf,ENSMUSG00000026605,ENSMUSE00000900914,3428,12,ENSMUST00000171929,1,-1,189659758,189659761,CAGA,GRCm38,79,Mouse,"No crisprs found overlapping insertion site"
MGI:1313302,Cenpf,ENSMUSG00000026605,ENSMUSE00000900914,3428,12,ENSMUST00000171929,1,-1,189659874,189659877,AAGA,GRCm38,79,Mouse,"No crisprs found overlapping insertion site"
MGI:1921356,Dcaf6,ENSMUSG00000026571,ENSMUSE00000229487,215,7,ENSMUST00000027856,1,-1,165399733,165399736,CAGA,GRCm38,79,Mouse,"No crisprs found overlapping insertion site"
MGI:1915437,Fam135a,ENSMUSG00000026153,ENSMUSE00000968461,2329,14,ENSMUST00000027337,1,-1,24029588,24029591,CAGA,GRCm38,79,Mouse,"No crisprs found overlapping insertion site"
MGI:3647616,Gm8251,ENSMUSG00000091844,ENSMUSE00000912030,5985,1,ENSMUST00000168641,1,-1,44061057,44061060,AAGA,GRCm38,79,Mouse,"No crisprs found overlapping insertion site"
MGI:3647616,Gm8251,ENSMUSG00000091844,ENSMUSE00000912030,5985,1,ENSMUST00000168641,1,-1,44060446,44060449,AAGA,GRCm38,79,Mouse,"No crisprs found overlapping insertion site"
MGI:96533,Ihh,ENSMUSG00000006538,ENSMUSE00000876912,773,1,ENSMUST00000164097,1,-1,74950976,74950979,AAGA,GRCm38,79,Mouse,"No crisprs found overlapping insertion site"
MGI:99925,Mybl1,ENSMUSG00000025912,ENSMUSE00001250092,234,9,ENSMUST00000088658,1,-1,9678370,9678373,CAGA,GRCm38,79,Mouse,"No crisprs found overlapping insertion site"
MGI:2446126,Phf3,ENSMUSG00000048874,ENSMUSE00001029361,310,5,ENSMUST00000186733,1,-1,30824361,30824364,CAGA,GRCm38,79,Mouse,"No crisprs found overlapping insertion site"
MGI:97810,Ptprc,ENSMUSG00000026395,ENSMUSE00001333463,216,9,ENSMUST00000183301,1,-1,138113633,138113636,CAGA,GRCm38,79,Mouse,"No crisprs found overlapping insertion site"
MGI:97810,Ptprc,ENSMUSG00000026395,ENSMUSE00001333463,216,9,ENSMUST00000183301,1,-1,138113644,138113647,AAGA,GRCm38,79,Mouse,"No crisprs found overlapping insertion site"
MGI:1341105,Rp1,ENSMUSG00000025900,ENSMUSE00000232057,5946,4,ENSMUST00000027032,1,-1,4348910,4348913,AAGA,GRCm38,79,Mouse,"No crisprs found overlapping insertion site"
MGI:1924879,Sphkap,ENSMUSG00000026163,ENSMUSE00001210869,256,6,ENSMUST00000160953,1,-1,83280392,83280395,AAGA,GRCm38,79,Mouse,"No crisprs found overlapping insertion site"
MGI:2652882,Unc80,ENSMUSG00000055567,ENSMUSE00000697735,166,26,ENSMUST00000061620,1,1,66601149,66601152,AAGA,GRCm38,79,Mouse,"No crisprs found overlapping insertion site"
MGI:1921134,Zdbf2,ENSMUSG00000027520,ENSMUSE00000698239,11937,7,ENSMUST00000114132,1,1,63305836,63305839,CAGA,GRCm38,79,Mouse,"No crisprs found overlapping insertion site"
MGI:1919378,2610008E11Rik,ENSMUSG00000060301,ENSMUSE00000642100,3678,6,ENSMUST00000039271,10,-1,79067607,79067610,CAGA,GRCm38,79,Mouse,"No crisprs found overlapping insertion site"
MGI:1919378,2610008E11Rik,ENSMUSG00000060301,ENSMUSE00000642100,3678,6,ENSMUST00000039271,10,-1,79067602,79067605,AAGA,GRCm38,79,Mouse,"No crisprs found overlapping insertion site"
MGI:3045298,4932415D10Rik,ENSMUSG00000044581,ENSMUSE00000906825,3163,1,ENSMUST00000171401,10,-1,82284700,82284703,CAGA,GRCm38,79,Mouse,"No crisprs found overlapping insertion site"
MGI:2443344,Ano4,ENSMUSG00000035189,ENSMUSE00001221866,159,5,ENSMUST00000182341,10,-1,89112869,89112872,CAGA,GRCm38,79,Mouse,"No crisprs found overlapping insertion site"
MGI:1925237,Ascc3,ENSMUSG00000038774,ENSMUSE00000361821,208,6,ENSMUST00000035606,10,1,50642595,50642598,AAGA,GRCm38,79,Mouse,"No crisprs found overlapping insertion site"
MGI:1925237,Ascc3,ENSMUSG00000038774,ENSMUSE00000370355,560,4,ENSMUST00000035606,10,1,50618196,50618199,AAGA,GRCm38,79,Mouse,"No crisprs found overlapping insertion site"
MGI:1925237,Ascc3,ENSMUSG00000038774,ENSMUSE00000411192,151,3,ENSMUST00000035606,10,1,50608007,50608010,AAGA,GRCm38,79,Mouse,"No crisprs found overlapping insertion site"
MGI:1277186,Atg5,ENSMUSG00000038160,ENSMUSE00000469939,163,5,ENSMUST00000039286,10,1,44303640,44303643,AAGA,GRCm38,79,Mouse,"No crisprs found overlapping insertion site"
MGI:3642684,Cep85l,ENSMUSG00000038594,ENSMUSE00000613909,788,3,ENSMUST00000095691,10,-1,53348779,53348782,AAGA,GRCm38,79,Mouse,"No crisprs found overlapping insertion site"
MGI:1917547,Gcc2,ENSMUSG00000038039,ENSMUSE00000347185,2445,6,ENSMUST00000057659,10,1,58269686,58269689,AAGA,GRCm38,79,Mouse,"No crisprs found overlapping insertion site"
MGI:3809197,Gm3055,ENSMUSG00000094622,ENSMUSE00001050260,593,2,ENSMUST00000105316,10,-1,81746374,81746377,AAGA,GRCm38,79,Mouse,"No crisprs found overlapping insertion site"
MGI:1918614,Jmjd1c,ENSMUSG00000037876,ENSMUSE00000575821,1682,8,ENSMUST00000051446,10,1,67219713,67219716,AAGA,GRCm38,79,Mouse,"No crisprs found overlapping insertion site"
MGI:3030614,Olfr780,ENSMUSG00000049573,ENSMUSE00000373688,1025,1,ENSMUST00000063168,10,1,129321885,129321888,CAGA,GRCm38,79,Mouse,"No crisprs found overlapping insertion site"
MGI:1922567,Parpbp,ENSMUSG00000035365,ENSMUSE00000418055,231,3,ENSMUST00000048518,10,-1,88139949,88139952,AAGA,GRCm38,79,Mouse,"No crisprs found overlapping insertion site"
MGI:1337131,Rev3l,ENSMUSG00000019841,ENSMUSE00001230569,4153,13,ENSMUST00000019986,10,1,39824110,39824113,AAGA,GRCm38,79,Mouse,"No crisprs found overlapping insertion site"
MGI:1337131,Rev3l,ENSMUSG00000019841,ENSMUSE00001230569,4153,13,ENSMUST00000019986,10,1,39823787,39823790,CAGA,GRCm38,79,Mouse,"No crisprs found overlapping insertion site"
MGI:1337131,Rev3l,ENSMUSG00000019841,ENSMUSE00001230569,4153,13,ENSMUST00000019986,10,1,39824094,39824097,AAGA,GRCm38,79,Mouse,"No crisprs found overlapping insertion site"
MGI:1337131,Rev3l,ENSMUSG00000019841,ENSMUSE00001230569,4153,13,ENSMUST00000019986,10,1,39824117,39824120,CAGA,GRCm38,79,Mouse,"No crisprs found overlapping insertion site"
MGI:1917581,Shprh,ENSMUSG00000090112,ENSMUSE00000912746,651,9,ENSMUST00000044053,10,1,11164601,11164604,CAGA,GRCm38,79,Mouse,"No crisprs found overlapping insertion site"
MGI:1926058,Stxbp5,ENSMUSG00000019790,ENSMUSE00000415966,221,15,ENSMUST00000141722,10,-1,9809175,9809178,CAGA,GRCm38,79,Mouse,"No crisprs found overlapping insertion site"
MGI:1926058,Stxbp5,ENSMUSG00000019790,ENSMUSE00000415966,221,15,ENSMUST00000141722,10,-1,9809186,9809189,AAGA,GRCm38,79,Mouse,"No crisprs found overlapping insertion site"
MGI:1926058,Stxbp5,ENSMUSG00000019790,ENSMUSE00000415966,221,15,ENSMUST00000141722,10,-1,9809179,9809182,CAGA,GRCm38,79,Mouse,"No crisprs found overlapping insertion site"
MGI:1926058,Stxbp5,ENSMUSG00000019790,ENSMUSE00000415966,221,15,ENSMUST00000141722,10,-1,9809168,9809171,CAGA,GRCm38,79,Mouse,"No crisprs found overlapping insertion site"
MGI:2444679,Tcp11l2,ENSMUSG00000020034,ENSMUSE00001288999,136,3,ENSMUST00000020223,10,1,84587164,84587167,CAGA,GRCm38,79,Mouse,"No crisprs found overlapping insertion site"
MGI:107810,Tfam,ENSMUSG00000003923,ENSMUSE00001243284,150,4,ENSMUST00000092430,10,-1,71234950,71234953,AAGA,GRCm38,79,Mouse,"No crisprs found overlapping insertion site"
MGI:2442888,Uhrf1bp1l,ENSMUSG00000019951,ENSMUSE00000574219,1502,14,ENSMUST00000020112,10,1,89804851,89804854,AAGA,GRCm38,79,Mouse,"No crisprs found overlapping insertion site"
MGI:2442888,Uhrf1bp1l,ENSMUSG00000019951,ENSMUSE00000574219,1502,14,ENSMUST00000020112,10,1,89804860,89804863,AAGA,GRCm38,79,Mouse,"No crisprs found overlapping insertion site"
MGI:3645796,Vmn2r87,ENSMUSG00000091511,ENSMUSE00001041698,283,2,ENSMUST00000164227,10,-1,130479786,130479789,CAGA,GRCm38,79,Mouse,"No crisprs found overlapping insertion site"
MGI:3039618,Zbtb24,ENSMUSG00000019826,ENSMUSE00000381687,980,2,ENSMUST00000080771,10,1,41451696,41451699,CAGA,GRCm38,79,Mouse,"No crisprs found overlapping insertion site"
MGI:2446143,Zfc3h1,ENSMUSG00000034163,ENSMUSE00000441171,543,15,ENSMUST00000036044,10,1,115411800,115411803,AAGA,GRCm38,79,Mouse,"No crisprs found overlapping insertion site"
MGI:3696710,Zfp781,ENSMUSG00000096718,ENSMUSE00001061481,593,3,ENSMUST00000076281,10,-1,81905464,81905467,AAGA,GRCm38,79,Mouse,"No crisprs found overlapping insertion site"
MGI:1921727,4933427D14Rik,ENSMUSG00000020807,ENSMUSE00001278712,601,3,ENSMUST00000108506,11,-1,72198691,72198694,CAGA,GRCm38,79,Mouse,"No crisprs found overlapping insertion site"
MGI:2388707,Abca13,ENSMUSG00000004668,ENSMUSE00000594313,1803,18,ENSMUST00000042740,11,1,9297179,9297182,AAGA,GRCm38,79,Mouse,"No crisprs found overlapping insertion site"
MGI:1351668,Abca8b,ENSMUSG00000020620,ENSMUSE00000410603,162,4,ENSMUST00000020948,11,-1,109979950,109979953,AAGA,GRCm38,79,Mouse,"No crisprs found overlapping insertion site"
MGI:1913608,Adprm,ENSMUSG00000020910,ENSMUSE00000340332,627,3,ENSMUST00000116363,11,-1,67041787,67041790,CAGA,GRCm38,79,Mouse,"No crisprs found overlapping insertion site"
MGI:2442925,Atad5,ENSMUSG00000017550,ENSMUSE00000283829,1868,2,ENSMUST00000017694,11,1,80095641,80095644,CAGA,GRCm38,79,Mouse,"No crisprs found overlapping insertion site"
MGI:2442925,Atad5,ENSMUSG00000017550,ENSMUSE00001265015,185,7,ENSMUST00000017694,11,1,80106357,80106360,AAGA,GRCm38,79,Mouse,"No crisprs found overlapping insertion site"
MGI:104537,Brca1,ENSMUSG00000017146,ENSMUSE00000113042,3315,10,ENSMUST00000017290,11,-1,101524762,101524765,CAGA,GRCm38,79,Mouse,"No crisprs found overlapping insertion site"
MGI:1925177,Ccdc88a,ENSMUSG00000032740,ENSMUSE00001065154,1071,15,ENSMUST00000040182,11,1,29464054,29464057,AAGA,GRCm38,79,Mouse,"No crisprs found overlapping insertion site"
MGI:1925177,Ccdc88a,ENSMUSG00000032740,ENSMUSE00001065154,1071,15,ENSMUST00000040182,11,1,29463402,29463405,AAGA,GRCm38,79,Mouse,"No crisprs found overlapping insertion site"
MGI:1925177,Ccdc88a,ENSMUSG00000032740,ENSMUSE00001065154,1071,15,ENSMUST00000040182,11,1,29463396,29463399,CAGA,GRCm38,79,Mouse,"No crisprs found overlapping insertion site"
MGI:1920574,Clhc1,ENSMUSG00000020461,ENSMUSE00000104970,202,5,ENSMUST00000020753,11,1,29560510,29560513,AAGA,GRCm38,79,Mouse,"No crisprs found overlapping insertion site"
MGI:2442440,Efcab5,ENSMUSG00000050944,ENSMUSE00000407168,1290,5,ENSMUST00000108400,11,-1,77138194,77138197,AAGA,GRCm38,79,Mouse,"No crisprs found overlapping insertion site"
MGI:3052463,Fbxw10,ENSMUSG00000090173,ENSMUSE00000814845,673,1,ENSMUST00000150989,11,1,62847714,62847717,CAGA,GRCm38,79,Mouse,"No crisprs found overlapping insertion site"
MGI:2444668,Fnip1,ENSMUSG00000035992,ENSMUSE00000903036,1417,14,ENSMUST00000046835,11,1,54502481,54502484,CAGA,GRCm38,79,Mouse,"No crisprs found overlapping insertion site"
MGI:3651790,Gm11639,ENSMUSG00000040838,ENSMUSE00000414172,1284,9,ENSMUST00000148007,11,1,104720525,104720528,CAGA,GRCm38,79,Mouse,"No crisprs found overlapping insertion site"
MGI:3652173,Gm12185,ENSMUSG00000048852,ENSMUSE00000371806,1207,2,ENSMUST00000094476,11,-1,48915897,48915900,CAGA,GRCm38,79,Mouse,"No crisprs found overlapping insertion site"
MGI:104667,Hmmr,ENSMUSG00000020330,ENSMUSE00001232471,189,5,ENSMUST00000020579,11,-1,40723485,40723488,CAGA,GRCm38,79,Mouse,"No crisprs found overlapping insertion site"
MGI:1342292,Hspa4,ENSMUSG00000020361,ENSMUSE00001262929,245,7,ENSMUST00000020630,11,-1,53280553,53280556,AAGA,GRCm38,79,Mouse,"No crisprs found overlapping insertion site"
MGI:1342292,Hspa4,ENSMUSG00000020361,ENSMUSE00001262929,245,7,ENSMUST00000020630,11,-1,53280570,53280573,AAGA,GRCm38,79,Mouse,"No crisprs found overlapping insertion site"
MGI:107729,Igtp,ENSMUSG00000078853,ENSMUSE00000304688,1548,3,ENSMUST00000035266,11,1,58206225,58206228,AAGA,GRCm38,79,Mouse,"No crisprs found overlapping insertion site"
MGI:103561,Kpna2,ENSMUSG00000018362,ENSMUSE00001016128,138,3,ENSMUST00000018506,11,-1,106996572,106996575,AAGA,GRCm38,79,Mouse,"No crisprs found overlapping insertion site"
MGI:3029632,Med13,ENSMUSG00000034297,ENSMUSE00000380676,214,10,ENSMUST00000043624,11,-1,86308811,86308814,CAGA,GRCm38,79,Mouse,"No crisprs found overlapping insertion site"
MGI:1913463,Med7,ENSMUSG00000020397,ENSMUSE00000839134,2159,3,ENSMUST00000109232,11,1,46440908,46440911,AAGA,GRCm38,79,Mouse,"No crisprs found overlapping insertion site"
MGI:1930780,Myh10,ENSMUSG00000020900,ENSMUSE00000588914,161,19,ENSMUST00000102611,11,1,68785288,68785291,AAGA,GRCm38,79,Mouse,"No crisprs found overlapping insertion site"
MGI:1930780,Myh10,ENSMUSG00000020900,ENSMUSE00000588914,161,19,ENSMUST00000102611,11,1,68785281,68785284,AAGA,GRCm38,79,Mouse,"No crisprs found overlapping insertion site"
MGI:109473,Usp34,ENSMUSG00000056342,ENSMUSE00000593642,215,16,ENSMUST00000180046,11,1,23367466,23367469,CAGA,GRCm38,79,Mouse,"No crisprs found overlapping insertion site"
MGI:109473,Usp34,ENSMUSG00000056342,ENSMUSE00000813589,421,3,ENSMUST00000180046,11,1,23333658,23333661,AAGA,GRCm38,79,Mouse,"No crisprs found overlapping insertion site"
MGI:109473,Usp34,ENSMUSG00000056342,ENSMUSE00000813589,421,3,ENSMUST00000180046,11,1,23333654,23333657,CAGA,GRCm38,79,Mouse,"No crisprs found overlapping insertion site"
MGI:99167,Zfp2,ENSMUSG00000049321,ENSMUSE00000679115,2580,6,ENSMUST00000116378,11,-1,50900939,50900942,AAGA,GRCm38,79,Mouse,"No crisprs found overlapping insertion site"
MGI:3650906,Zfp616,ENSMUSG00000069476,ENSMUSE00001047446,2964,1,ENSMUST00000178159,11,1,74083356,74083359,AAGA,GRCm38,79,Mouse,"No crisprs found overlapping insertion site"
MGI:99662,Zfp62,ENSMUSG00000046311,ENSMUSE00000679360,3753,5,ENSMUST00000109197,11,1,49215251,49215254,CAGA,GRCm38,79,Mouse,"No crisprs found overlapping insertion site"
MGI:1913382,1110008L16Rik,ENSMUSG00000021023,ENSMUSE00000399385,2248,1,ENSMUST00000021411,12,1,55304466,55304469,CAGA,GRCm38,79,Mouse,"No crisprs found overlapping insertion site"
MGI:1913382,1110008L16Rik,ENSMUSG00000021023,ENSMUSE00000399385,2248,1,ENSMUST00000021411,12,1,55304473,55304476,CAGA,GRCm38,79,Mouse,"No crisprs found overlapping insertion site"
MGI:1923051,4930447C04Rik,ENSMUSG00000021098,ENSMUSE00000114587,188,6,ENSMUST00000044000,12,-1,72909984,72909987,AAGA,GRCm38,79,Mouse,"No crisprs found overlapping insertion site"
MGI:1332637,Arhgap5,ENSMUSG00000035133,ENSMUSE00000685088,3891,1,ENSMUST00000110725,12,1,52517065,52517068,CAGA,GRCm38,79,Mouse,"No crisprs found overlapping insertion site"
MGI:2679513,Dbpht2,ENSMUSG00000029878,ENSMUSE00000504475,2995,1,ENSMUST00000072100,12,1,74298965,74298968,CAGA,GRCm38,79,Mouse,"No crisprs found overlapping insertion site"
MGI:2679513,Dbpht2,ENSMUSG00000029878,ENSMUSE00000504475,2995,1,ENSMUST00000072100,12,1,74298876,74298879,CAGA,GRCm38,79,Mouse,"No crisprs found overlapping insertion site"
MGI:2679513,Dbpht2,ENSMUSG00000029878,ENSMUSE00000504475,2995,1,ENSMUST00000072100,12,1,74298981,74298984,CAGA,GRCm38,79,Mouse,"No crisprs found overlapping insertion site"
MGI:2679513,Dbpht2,ENSMUSG00000029878,ENSMUSE00000504475,2995,1,ENSMUST00000072100,12,1,74298884,74298887,CAGA,GRCm38,79,Mouse,"No crisprs found overlapping insertion site"
MGI:2679513,Dbpht2,ENSMUSG00000029878,ENSMUSE00000504475,2995,1,ENSMUST00000072100,12,1,74298993,74298996,CAGA,GRCm38,79,Mouse,"No crisprs found overlapping insertion site"
MGI:2177178,Dicer1,ENSMUSG00000041415,ENSMUSE00000255658,214,16,ENSMUST00000041987,12,-1,104706657,104706660,AAGA,GRCm38,79,Mouse,"No crisprs found overlapping insertion site"
MGI:2442513,Eml5,ENSMUSG00000051166,ENSMUSE00000444800,202,7,ENSMUST00000065716,12,-1,98873114,98873117,AAGA,GRCm38,79,Mouse,"No crisprs found overlapping insertion site"
MGI:1925507,Lrrc9,ENSMUSG00000021090,ENSMUSE00001256003,156,8,ENSMUST00000162159,12,1,72456050,72456053,AAGA,GRCm38,79,Mouse,"No crisprs found overlapping insertion site"
MGI:1918320,Mbip,ENSMUSG00000021028,ENSMUSE00000114023,219,3,ENSMUST00000021416,12,-1,56340536,56340539,CAGA,GRCm38,79,Mouse,"No crisprs found overlapping insertion site"
MGI:1918320,Mbip,ENSMUSG00000021028,ENSMUSE00000114023,219,3,ENSMUST00000021416,12,-1,56340540,56340543,CAGA,GRCm38,79,Mouse,"No crisprs found overlapping insertion site"
MGI:2145099,Mis18bp1,ENSMUSG00000047534,ENSMUSE00001213212,626,2,ENSMUST00000052201,12,-1,65161723,65161726,AAGA,GRCm38,79,Mouse,"No crisprs found overlapping insertion site"
MGI:1353455,Mlh3,ENSMUSG00000021245,ENSMUSE00000343780,3323,2,ENSMUST00000166821,12,-1,85268643,85268646,CAGA,GRCm38,79,Mouse,"No crisprs found overlapping insertion site"
MGI:1353455,Mlh3,ENSMUSG00000021245,ENSMUSE00000343780,3323,2,ENSMUST00000166821,12,-1,85268628,85268631,AAGA,GRCm38,79,Mouse,"No crisprs found overlapping insertion site"
MGI:1353455,Mlh3,ENSMUSG00000021245,ENSMUSE00000343780,3323,2,ENSMUST00000166821,12,-1,85268669,85268672,AAGA,GRCm38,79,Mouse,"No crisprs found overlapping insertion site"
MGI:1353455,Mlh3,ENSMUSG00000021245,ENSMUSE00000343780,3323,2,ENSMUST00000166821,12,-1,85267528,85267531,CAGA,GRCm38,79,Mouse,"No crisprs found overlapping insertion site"
MGI:1927339,Mpp5,ENSMUSG00000021112,ENSMUSE00000281577,209,4,ENSMUST00000082024,12,1,78809852,78809855,CAGA,GRCm38,79,Mouse,"No crisprs found overlapping insertion site"
MGI:3644580,Rad51ap2,ENSMUSG00000086022,ENSMUSE00000727849,2737,1,ENSMUST00000124065,12,1,11456674,11456677,AAGA,GRCm38,79,Mouse,"No crisprs found overlapping insertion site"
MGI:3644580,Rad51ap2,ENSMUSG00000086022,ENSMUSE00000727849,2737,1,ENSMUST00000124065,12,1,11457480,11457483,AAGA,GRCm38,79,Mouse,"No crisprs found overlapping insertion site"
MGI:3644580,Rad51ap2,ENSMUSG00000086022,ENSMUSE00000727849,2737,1,ENSMUST00000124065,12,1,11457116,11457119,AAGA,GRCm38,79,Mouse,"No crisprs found overlapping insertion site"
MGI:1924393,Trip11,ENSMUSG00000021188,ENSMUSE00000115434,279,4,ENSMUST00000021605,12,-1,101898885,101898888,CAGA,GRCm38,79,Mouse,"No crisprs found overlapping insertion site"
MGI:1919621,2210408I21Rik,ENSMUSG00000071252,ENSMUSE00000570090,670,4,ENSMUST00000168779,13,1,77192784,77192787,AAGA,GRCm38,79,Mouse,"No crisprs found overlapping insertion site"
MGI:3036250,A530054K11Rik,ENSMUSG00000021510,ENSMUSE00000467708,4849,4,ENSMUST00000012314,13,-1,67620925,67620928,CAGA,GRCm38,79,Mouse,"No crisprs found overlapping insertion site"
MGI:3036250,A530054K11Rik,ENSMUSG00000021510,ENSMUSE00000467708,4849,4,ENSMUST00000012314,13,-1,67620938,67620941,AAGA,GRCm38,79,Mouse,"No crisprs found overlapping insertion site"
MGI:2145448,Ankrd32,ENSMUSG00000021597,ENSMUSE00001276953,144,7,ENSMUST00000151524,13,-1,77104601,77104604,AAGA,GRCm38,79,Mouse,"No crisprs found overlapping insertion site"
MGI:2145448,Ankrd32,ENSMUSG00000021597,ENSMUSE00001276953,144,7,ENSMUST00000151524,13,-1,77104594,77104597,CAGA,GRCm38,79,Mouse,"No crisprs found overlapping insertion site"
MGI:1913945,Aspn,ENSMUSG00000021388,ENSMUSE00000117509,276,2,ENSMUST00000021820,13,1,49551773,49551776,CAGA,GRCm38,79,Mouse,"No crisprs found overlapping insertion site"
MGI:1347077,Bdp1,ENSMUSG00000049658,ENSMUSE00000680063,141,9,ENSMUST00000038104,13,-1,100078726,100078729,AAGA,GRCm38,79,Mouse,"No crisprs found overlapping insertion site"
MGI:1347077,Bdp1,ENSMUSG00000049658,ENSMUSE00000680063,141,9,ENSMUST00000038104,13,-1,100078736,100078739,AAGA,GRCm38,79,Mouse,"No crisprs found overlapping insertion site"
MGI:1194924,Cd180,ENSMUSG00000021624,ENSMUSE00000338208,2251,3,ENSMUST00000022124,13,1,102705417,102705420,AAGA,GRCm38,79,Mouse,"No crisprs found overlapping insertion site"
MGI:1913586,Cenpp,ENSMUSG00000021391,ENSMUSE00000117522,179,2,ENSMUST00000021818,13,-1,49650215,49650218,AAGA,GRCm38,79,Mouse,"No crisprs found overlapping insertion site"
MGI:1097706,Cetn3,ENSMUSG00000021537,ENSMUSE00000248644,136,2,ENSMUST00000022009,13,1,81784706,81784709,AAGA,GRCm38,79,Mouse,"No crisprs found overlapping insertion site"
MGI:1890169,Erbb2ip,ENSMUSG00000021709,ENSMUSE00000459610,177,18,ENSMUST00000191275,13,-1,103843567,103843570,CAGA,GRCm38,79,Mouse,"No crisprs found overlapping insertion site"
MGI:107448,Lyst,ENSMUSG00000019726,ENSMUSE00000379253,2080,5,ENSMUST00000110559,13,1,13635858,13635861,CAGA,GRCm38,79,Mouse,"No crisprs found overlapping insertion site"
MGI:107448,Lyst,ENSMUSG00000019726,ENSMUSE00000379253,2080,5,ENSMUST00000110559,13,1,13635835,13635838,CAGA,GRCm38,79,Mouse,"No crisprs found overlapping insertion site"
MGI:107448,Lyst,ENSMUSG00000019726,ENSMUSE00000379253,2080,5,ENSMUST00000110559,13,1,13635851,13635854,AAGA,GRCm38,79,Mouse,"No crisprs found overlapping insertion site"
MGI:1925939,Naa35,ENSMUSG00000021555,ENSMUSE00001254795,179,12,ENSMUST00000022038,13,1,59612749,59612752,AAGA,GRCm38,79,Mouse,"No crisprs found overlapping insertion site"
MGI:1298226,Naip2,ENSMUSG00000078945,ENSMUSE00000640243,572,3,ENSMUST00000117913,13,-1,100189280,100189283,AAGA,GRCm38,79,Mouse,"No crisprs found overlapping insertion site"
MGI:2145528,Nlrp4f,ENSMUSG00000032999,ENSMUSE00000570579,1570,3,ENSMUST00000037372,13,-1,65195244,65195247,AAGA,GRCm38,79,Mouse,"No crisprs found overlapping insertion site"
MGI:109584,Prpf4b,ENSMUSG00000021413,ENSMUSE00000363158,1197,2,ENSMUST00000077853,13,1,34883328,34883331,AAGA,GRCm38,79,Mouse,"No crisprs found overlapping insertion site"
MGI:1930801,Spz1,ENSMUSG00000046957,ENSMUSE00000394789,1602,1,ENSMUST00000050658,13,-1,92575599,92575602,AAGA,GRCm38,79,Mouse,"No crisprs found overlapping insertion site"
MGI:2145443,Utp15,ENSMUSG00000041747,ENSMUSE00000337545,136,7,ENSMUST00000040972,13,-1,98254980,98254983,AAGA,GRCm38,79,Mouse,"No crisprs found overlapping insertion site"
MGI:102889,Vcan,ENSMUSG00000021614,ENSMUSE00000428226,2880,7,ENSMUST00000109546,13,-1,89704491,89704494,AAGA,GRCm38,79,Mouse,"No crisprs found overlapping insertion site"
MGI:2145181,Zfyve16,ENSMUSG00000021706,ENSMUSE00000398114,2216,3,ENSMUST00000022217,13,-1,92522364,92522367,AAGA,GRCm38,79,Mouse,"No crisprs found overlapping insertion site"
MGI:1921694,D14Abb1e,ENSMUSG00000040651,ENSMUSE00000248205,702,14,ENSMUST00000022450,14,1,27461189,27461192,AAGA,GRCm38,79,Mouse,"No crisprs found overlapping insertion site"
MGI:1921694,D14Abb1e,ENSMUSG00000040651,ENSMUSE00000248205,702,14,ENSMUST00000022450,14,1,27461603,27461606,AAGA,GRCm38,79,Mouse,"No crisprs found overlapping insertion site"
MGI:1100494,Ercc6,ENSMUSG00000054051,ENSMUSE00000690005,730,5,ENSMUST00000066807,14,1,32526372,32526375,AAGA,GRCm38,79,Mouse,"No crisprs found overlapping insertion site"
MGI:1922948,Fam35a,ENSMUSG00000041471,ENSMUSE00000618046,1452,4,ENSMUST00000111917,14,-1,34267944,34267947,AAGA,GRCm38,79,Mouse,"No crisprs found overlapping insertion site"
MGI:1922948,Fam35a,ENSMUSG00000041471,ENSMUSE00000618046,1452,4,ENSMUST00000111917,14,-1,34268511,34268514,CAGA,GRCm38,79,Mouse,"No crisprs found overlapping insertion site"
MGI:3648791,Gm8113,ENSMUSG00000089901,ENSMUSE00000855852,2505,2,ENSMUST00000160298,14,1,43931816,43931819,AAGA,GRCm38,79,Mouse,"No crisprs found overlapping insertion site"
MGI:1922589,Mphosph8,ENSMUSG00000079184,ENSMUSE00000309562,849,3,ENSMUST00000116468,14,1,56674229,56674232,AAGA,GRCm38,79,Mouse,"No crisprs found overlapping insertion site"
MGI:1922589,Mphosph8,ENSMUSG00000079184,ENSMUSE00000309562,849,3,ENSMUST00000116468,14,1,56674239,56674242,AAGA,GRCm38,79,Mouse,"No crisprs found overlapping insertion site"
MGI:1347094,Parg,ENSMUSG00000021911,ENSMUSE00001288047,963,3,ENSMUST00000022470,14,1,32209350,32209353,AAGA,GRCm38,79,Mouse,"No crisprs found overlapping insertion site"
MGI:2679448,Slitrk5,ENSMUSG00000033214,ENSMUSE00000360541,4197,2,ENSMUST00000042767,14,1,111679015,111679018,CAGA,GRCm38,79,Mouse,"No crisprs found overlapping insertion site"
MGI:1917811,Txndc16,ENSMUSG00000021830,ENSMUSE00001282181,239,3,ENSMUST00000022377,14,-1,45213369,45213372,AAGA,GRCm38,79,Mouse,"No crisprs found overlapping insertion site"
MGI:98927,Vcl,ENSMUSG00000021823,ENSMUSE00000121224,161,6,ENSMUST00000022369,14,1,20987041,20987044,AAGA,GRCm38,79,Mouse,"No crisprs found overlapping insertion site"
MGI:2675859,Wapal,ENSMUSG00000041408,ENSMUSE00000330579,1053,3,ENSMUST00000048263,14,1,34692629,34692632,AAGA,GRCm38,79,Mouse,"No crisprs found overlapping insertion site"
MGI:1923257,Zmym2,ENSMUSG00000021945,ENSMUSE00000476362,857,2,ENSMUST00000022511,14,1,56902853,56902856,CAGA,GRCm38,79,Mouse,"No crisprs found overlapping insertion site"
MGI:1923257,Zmym2,ENSMUSG00000021945,ENSMUSE00000476362,857,2,ENSMUST00000022511,14,1,56902869,56902872,AAGA,GRCm38,79,Mouse,"No crisprs found overlapping insertion site"
MGI:1920942,2410089E03Rik,ENSMUSG00000039801,ENSMUSE00000351592,755,13,ENSMUST00000110617,15,1,8187068,8187071,CAGA,GRCm38,79,Mouse,"No crisprs found overlapping insertion site"
MGI:1920942,2410089E03Rik,ENSMUSG00000039801,ENSMUSE00000498908,209,14,ENSMUST00000110617,15,1,8188489,8188492,AAGA,GRCm38,79,Mouse,"No crisprs found overlapping insertion site"
MGI:1923011,Apol7a,ENSMUSG00000010601,ENSMUSE00000951562,1795,6,ENSMUST00000176074,15,-1,77389914,77389917,CAGA,GRCm38,79,Mouse,"No crisprs found overlapping insertion site"
MGI:1923011,Apol7a,ENSMUSG00000010601,ENSMUSE00000951562,1795,6,ENSMUST00000176074,15,-1,77389905,77389908,AAGA,GRCm38,79,Mouse,"No crisprs found overlapping insertion site"
MGI:1923011,Apol7a,ENSMUSG00000010601,ENSMUSE00000951562,1795,6,ENSMUST00000176074,15,-1,77389890,77389893,AAGA,GRCm38,79,Mouse,"No crisprs found overlapping insertion site"
MGI:1923011,Apol7a,ENSMUSG00000010601,ENSMUSE00000951562,1795,6,ENSMUST00000176074,15,-1,77389869,77389872,AAGA,GRCm38,79,Mouse,"No crisprs found overlapping insertion site"
MGI:1923011,Apol7a,ENSMUSG00000010601,ENSMUSE00000951562,1795,6,ENSMUST00000176074,15,-1,77389863,77389866,AAGA,GRCm38,79,Mouse,"No crisprs found overlapping insertion site"
MGI:1916862,Kansl2,ENSMUSG00000022992,ENSMUSE00000915086,259,2,ENSMUST00000116400,15,-1,98533606,98533609,AAGA,GRCm38,79,Mouse,"No crisprs found overlapping insertion site"
MGI:2444173,Lmbrd2,ENSMUSG00000039704,ENSMUSE00000270149,184,9,ENSMUST00000090380,15,1,9172133,9172136,AAGA,GRCm38,79,Mouse,"No crisprs found overlapping insertion site"
MGI:2146005,Mtbp,ENSMUSG00000022369,ENSMUSE00001240782,152,4,ENSMUST00000022998,15,1,55563016,55563019,AAGA,GRCm38,79,Mouse,"No crisprs found overlapping insertion site"
MGI:2183153,Pkhd1l1,ENSMUSG00000038725,ENSMUSE00000252043,985,38,ENSMUST00000166957,15,1,44529631,44529634,CAGA,GRCm38,79,Mouse,"No crisprs found overlapping insertion site"
MGI:1933973,Rbfox2,ENSMUSG00000033565,ENSMUSE00000234274,147,4,ENSMUST00000171751,15,-1,77117003,77117006,CAGA,GRCm38,79,Mouse,"No crisprs found overlapping insertion site"
MGI:1353623,Rnf19a,ENSMUSG00000022280,ENSMUSE00000562383,756,2,ENSMUST00000022890,15,-1,36265634,36265637,AAGA,GRCm38,79,Mouse,"No crisprs found overlapping insertion site"
MGI:1919443,Scaf11,ENSMUSG00000033228,ENSMUSE00000338047,2775,11,ENSMUST00000047835,15,-1,96419601,96419604,AAGA,GRCm38,79,Mouse,"No crisprs found overlapping insertion site"
MGI:2154049,Smc1b,ENSMUSG00000022432,ENSMUSE00000126518,208,9,ENSMUST00000023068,15,-1,85114797,85114800,AAGA,GRCm38,79,Mouse,"No crisprs found overlapping insertion site"
MGI:2154049,Smc1b,ENSMUSG00000022432,ENSMUSE00000126486,259,6,ENSMUST00000023068,15,-1,85121753,85121756,AAGA,GRCm38,79,Mouse,"No crisprs found overlapping insertion site"
MGI:2154049,Smc1b,ENSMUSG00000022432,ENSMUSE00000126486,259,6,ENSMUST00000023068,15,-1,85121740,85121743,CAGA,GRCm38,79,Mouse,"No crisprs found overlapping insertion site"
MGI:2154049,Smc1b,ENSMUSG00000022432,ENSMUSE00000126491,204,4,ENSMUST00000023068,15,-1,85127544,85127547,AAGA,GRCm38,79,Mouse,"No crisprs found overlapping insertion site"
MGI:2443028,Taf2,ENSMUSG00000037343,ENSMUSE00000228317,185,7,ENSMUST00000041733,15,-1,55060002,55060005,AAGA,GRCm38,79,Mouse,"No crisprs found overlapping insertion site"
MGI:1927616,Trps1,ENSMUSG00000038679,ENSMUSE00000490966,929,2,ENSMUST00000165201,15,-1,50846801,50846804,CAGA,GRCm38,79,Mouse,"No crisprs found overlapping insertion site"
MGI:1927616,Trps1,ENSMUSG00000038679,ENSMUSE00000490966,929,2,ENSMUST00000165201,15,-1,50846810,50846813,CAGA,GRCm38,79,Mouse,"No crisprs found overlapping insertion site"
MGI:1927616,Trps1,ENSMUSG00000038679,ENSMUSE00000490966,929,2,ENSMUST00000165201,15,-1,50846796,50846799,CAGA,GRCm38,79,Mouse,"No crisprs found overlapping insertion site"
MGI:1916380,Vps13b,ENSMUSG00000037646,ENSMUSE00000988909,168,5,ENSMUST00000048646,15,1,35422386,35422389,AAGA,GRCm38,79,Mouse,"No crisprs found overlapping insertion site"
MGI:1924029,Cluap1,ENSMUSG00000014232,ENSMUSE00001236972,180,4,ENSMUST00000040881,16,1,3915487,3915490,AAGA,GRCm38,79,Mouse,"No crisprs found overlapping insertion site"
MGI:3030005,Olfr171,ENSMUSG00000060480,ENSMUSE00000881886,945,1,ENSMUST00000079891,16,-1,19624977,19624980,CAGA,GRCm38,79,Mouse,"No crisprs found overlapping insertion site"
MGI:1914617,Paxbp1,ENSMUSG00000022974,ENSMUSE00001229382,129,2,ENSMUST00000118522,16,-1,91042616,91042619,AAGA,GRCm38,79,Mouse,"No crisprs found overlapping insertion site"
MGI:2155399,Polq,ENSMUSG00000034206,ENSMUSE00001232639,2981,16,ENSMUST00000054034,16,1,37060526,37060529,AAGA,GRCm38,79,Mouse,"No crisprs found overlapping insertion site"
MGI:104779,Prkdc,ENSMUSG00000022672,ENSMUSE00000129311,201,36,ENSMUST00000023352,16,1,15715981,15715984,CAGA,GRCm38,79,Mouse,"No crisprs found overlapping insertion site"
MGI:98353,Son,ENSMUSG00000022961,ENSMUSE00000697861,5970,3,ENSMUST00000114037,16,1,91654734,91654737,AAGA,GRCm38,79,Mouse,"No crisprs found overlapping insertion site"
MGI:98353,Son,ENSMUSG00000022961,ENSMUSE00000697861,5970,3,ENSMUST00000114037,16,1,91654718,91654721,AAGA,GRCm38,79,Mouse,"No crisprs found overlapping insertion site"
MGI:98353,Son,ENSMUSG00000022961,ENSMUSE00000697861,5970,3,ENSMUST00000114037,16,1,91654727,91654730,AAGA,GRCm38,79,Mouse,"No crisprs found overlapping insertion site"
MGI:98822,Tfrc,ENSMUSG00000022797,ENSMUSE00000130506,158,10,ENSMUST00000023486,16,1,32620430,32620433,CAGA,GRCm38,79,Mouse,"No crisprs found overlapping insertion site"
MGI:2445044,Zc3h7a,ENSMUSG00000037965,ENSMUSE00000563624,198,4,ENSMUST00000037633,16,-1,11161071,11161074,AAGA,GRCm38,79,Mouse,"No crisprs found overlapping insertion site"
MGI:1919270,Zfp654,ENSMUSG00000047141,ENSMUSE00000406187,1815,1,ENSMUST00000052588,16,-1,64785703,64785706,AAGA,GRCm38,79,Mouse,"No crisprs found overlapping insertion site"
MGI:1919270,Zfp654,ENSMUSG00000047141,ENSMUSE00000406187,1815,1,ENSMUST00000052588,16,-1,64786058,64786061,CAGA,GRCm38,79,Mouse,"No crisprs found overlapping insertion site"
MGI:1919270,Zfp654,ENSMUSG00000047141,ENSMUSE00000406187,1815,1,ENSMUST00000052588,16,-1,64786067,64786070,AAGA,GRCm38,79,Mouse,"No crisprs found overlapping insertion site"
MGI:1920479,3110052M02Rik,ENSMUSG00000035868,ENSMUSE00000322531,1226,3,ENSMUST00000039726,17,1,21661631,21661634,CAGA,GRCm38,79,Mouse,"No crisprs found overlapping insertion site"
MGI:1920479,3110052M02Rik,ENSMUSG00000035868,ENSMUSE00000322531,1226,3,ENSMUST00000039726,17,1,21661636,21661639,AAGA,GRCm38,79,Mouse,"No crisprs found overlapping insertion site"
MGI:1914357,Ankrd12,ENSMUSG00000034647,ENSMUSE00000906233,4658,9,ENSMUST00000038116,17,-1,65985387,65985390,AAGA,GRCm38,79,Mouse,"No crisprs found overlapping insertion site"
MGI:1914357,Ankrd12,ENSMUSG00000034647,ENSMUSE00000906233,4658,9,ENSMUST00000038116,17,-1,65987017,65987020,CAGA,GRCm38,79,Mouse,"No crisprs found overlapping insertion site"
MGI:1914357,Ankrd12,ENSMUSG00000034647,ENSMUSE00000906233,4658,9,ENSMUST00000038116,17,-1,65985683,65985686,AAGA,GRCm38,79,Mouse,"No crisprs found overlapping insertion site"
MGI:1914357,Ankrd12,ENSMUSG00000034647,ENSMUSE00000906233,4658,9,ENSMUST00000038116,17,-1,65987004,65987007,AAGA,GRCm38,79,Mouse,"No crisprs found overlapping insertion site"
MGI:107714,Dnah8,ENSMUSG00000033826,ENSMUSE00000357731,236,29,ENSMUST00000170651,17,1,30708381,30708384,CAGA,GRCm38,79,Mouse,"No crisprs found overlapping insertion site"
MGI:107714,Dnah8,ENSMUSG00000033826,ENSMUSE00000357731,236,29,ENSMUST00000170651,17,1,30708368,30708371,AAGA,GRCm38,79,Mouse,"No crisprs found overlapping insertion site"
MGI:107714,Dnah8,ENSMUSG00000033826,ENSMUSE00000357731,236,29,ENSMUST00000170651,17,1,30708360,30708363,AAGA,GRCm38,79,Mouse,"No crisprs found overlapping insertion site"
MGI:105917,Fer,ENSMUSG00000000127,ENSMUSE00000405286,266,1,ENSMUST00000000129,17,1,63896215,63896218,CAGA,GRCm38,79,Mouse,"No crisprs found overlapping insertion site"
MGI:105917,Fer,ENSMUSG00000000127,ENSMUSE00000405286,266,1,ENSMUST00000000129,17,1,63896195,63896198,AAGA,GRCm38,79,Mouse,"No crisprs found overlapping insertion site"
MGI:105917,Fer,ENSMUSG00000000127,ENSMUSE00000405286,266,1,ENSMUST00000000129,17,1,63896185,63896188,AAGA,GRCm38,79,Mouse,"No crisprs found overlapping insertion site"
MGI:1890894,Ndufv3,ENSMUSG00000024038,ENSMUSE00000315216,1092,3,ENSMUST00000046288,17,1,31527573,31527576,CAGA,GRCm38,79,Mouse,"No crisprs found overlapping insertion site"
MGI:3039623,Thada,ENSMUSG00000024251,ENSMUSE00000372617,149,5,ENSMUST00000047524,17,-1,84455099,84455102,AAGA,GRCm38,79,Mouse,"No crisprs found overlapping insertion site"
MGI:1914987,Ttc39d,ENSMUSG00000046196,ENSMUSE00000831979,2136,2,ENSMUST00000134652,17,1,80216401,80216404,CAGA,GRCm38,79,Mouse,"No crisprs found overlapping insertion site"
MGI:2159626,Vmn1r225,ENSMUSG00000043537,ENSMUSE00000341503,897,1,ENSMUST00000061660,17,1,20502419,20502422,AAGA,GRCm38,79,Mouse,"No crisprs found overlapping insertion site"
MGI:2159616,Vmn1r226,ENSMUSG00000042848,ENSMUSE00000495912,897,1,ENSMUST00000061756,17,1,20687628,20687631,AAGA,GRCm38,79,Mouse,"No crisprs found overlapping insertion site"
MGI:3644292,Vmn2r112,ENSMUSG00000094921,ENSMUSE00001038812,813,3,ENSMUST00000097381,17,1,22603522,22603525,AAGA,GRCm38,79,Mouse,"No crisprs found overlapping insertion site"
MGI:3648972,Vmn2r113,ENSMUSG00000092111,ENSMUSE00000983174,813,3,ENSMUST00000170322,17,1,22946182,22946185,AAGA,GRCm38,79,Mouse,"No crisprs found overlapping insertion site"
MGI:3644483,Vmn2r120,ENSMUSG00000090655,ENSMUSE00000907963,807,4,ENSMUST00000165781,17,-1,57525076,57525079,AAGA,GRCm38,79,Mouse,"No crisprs found overlapping insertion site"
MGI:99185,Zfp40,ENSMUSG00000002617,ENSMUSE00000495146,3496,6,ENSMUST00000037057,17,-1,23177007,23177010,CAGA,GRCm38,79,Mouse,"No crisprs found overlapping insertion site"
MGI:99185,Zfp40,ENSMUSG00000002617,ENSMUSE00000495146,3496,6,ENSMUST00000037057,17,-1,23177280,23177283,AAGA,GRCm38,79,Mouse,"No crisprs found overlapping insertion site"
MGI:99200,Zfp53,ENSMUSG00000057409,ENSMUSE00000469971,1778,4,ENSMUST00000076664,17,1,21508227,21508230,AAGA,GRCm38,79,Mouse,"No crisprs found overlapping insertion site"
MGI:3053207,Zfp677,ENSMUSG00000062743,ENSMUSE00000855308,2426,4,ENSMUST00000162659,17,1,21397156,21397159,CAGA,GRCm38,79,Mouse,"No crisprs found overlapping insertion site"
MGI:3053207,Zfp677,ENSMUSG00000062743,ENSMUSE00000855308,2426,4,ENSMUST00000162659,17,1,21397149,21397152,AAGA,GRCm38,79,Mouse,"No crisprs found overlapping insertion site"
MGI:3053207,Zfp677,ENSMUSG00000062743,ENSMUSE00000855308,2426,4,ENSMUST00000162659,17,1,21397145,21397148,AAGA,GRCm38,79,Mouse,"No crisprs found overlapping insertion site"
MGI:3053207,Zfp677,ENSMUSG00000062743,ENSMUSE00000855308,2426,4,ENSMUST00000162659,17,1,21397161,21397164,AAGA,GRCm38,79,Mouse,"No crisprs found overlapping insertion site"
MGI:1920701,Zfp763,ENSMUSG00000067430,ENSMUSE00000478437,3107,4,ENSMUST00000087654,17,-1,33019715,33019718,CAGA,GRCm38,79,Mouse,"No crisprs found overlapping insertion site"
MGI:1920483,Zfp942,ENSMUSG00000071267,ENSMUSE00000572335,2530,6,ENSMUST00000091879,17,-1,21928956,21928959,CAGA,GRCm38,79,Mouse,"No crisprs found overlapping insertion site"
MGI:1915296,2700062C07Rik,ENSMUSG00000024273,ENSMUSE00000140389,200,3,ENSMUST00000097646,18,1,24473080,24473083,AAGA,GRCm38,79,Mouse,"No crisprs found overlapping insertion site"
MGI:88039,Apc,ENSMUSG00000005871,ENSMUSE00000363587,6604,16,ENSMUST00000079362,18,1,34313933,34313936,CAGA,GRCm38,79,Mouse,"No crisprs found overlapping insertion site"
MGI:1918200,Ccdc178,ENSMUSG00000024306,ENSMUSE00000140784,201,9,ENSMUST00000025160,18,-1,22120598,22120601,AAGA,GRCm38,79,Mouse,"No crisprs found overlapping insertion site"
MGI:1918049,Cep192,ENSMUSG00000024542,ENSMUSE00000879946,823,17,ENSMUST00000025425,18,1,67834932,67834935,CAGA,GRCm38,79,Mouse,"No crisprs found overlapping insertion site"
MGI:1918049,Cep192,ENSMUSG00000024542,ENSMUSE00000879946,823,17,ENSMUST00000025425,18,1,67834962,67834965,CAGA,GRCm38,79,Mouse,"No crisprs found overlapping insertion site"
MGI:2443926,Dmxl1,ENSMUSG00000037416,ENSMUSE00000373042,1683,18,ENSMUST00000180611,18,1,49879090,49879093,AAGA,GRCm38,79,Mouse,"No crisprs found overlapping insertion site"
MGI:2443926,Dmxl1,ENSMUSG00000037416,ENSMUSE00000373042,1683,18,ENSMUST00000180611,18,1,49879113,49879116,CAGA,GRCm38,79,Mouse,"No crisprs found overlapping insertion site"
MGI:1925055,Esco1,ENSMUSG00000024293,ENSMUSE00000506434,2130,3,ENSMUST00000025142,18,-1,10594817,10594820,AAGA,GRCm38,79,Mouse,"No crisprs found overlapping insertion site"
MGI:3588218,F830016B08Rik,ENSMUSG00000090942,ENSMUSE00000910018,3190,2,ENSMUST00000171297,18,1,60300286,60300289,AAGA,GRCm38,79,Mouse,"No crisprs found overlapping insertion site"
MGI:1354755,Fbxo15,ENSMUSG00000034391,ENSMUSE00000320621,243,4,ENSMUST00000037718,18,1,84959203,84959206,AAGA,GRCm38,79,Mouse,"No crisprs found overlapping insertion site"
MGI:3644953,Gm4951,ENSMUSG00000073555,ENSMUSE00000659299,2446,3,ENSMUST00000031549,18,1,60245565,60245568,CAGA,GRCm38,79,Mouse,"No crisprs found overlapping insertion site"
MGI:3576497,Greb1l,ENSMUSG00000042942,ENSMUSE00001241353,198,4,ENSMUST00000048977,18,1,10458689,10458692,AAGA,GRCm38,79,Mouse,"No crisprs found overlapping insertion site"
MGI:1346031,Tshz1,ENSMUSG00000046982,ENSMUSE00000352322,4615,2,ENSMUST00000060303,18,-1,84016127,84016130,CAGA,GRCm38,79,Mouse,"No crisprs found overlapping insertion site"
MGI:99179,Zfp35,ENSMUSG00000063281,ENSMUSE00000494905,2727,3,ENSMUST00000074941,18,1,24002808,24002811,CAGA,GRCm38,79,Mouse,"No crisprs found overlapping insertion site"
MGI:2444398,9930021J03Rik,ENSMUSG00000046138,ENSMUSE00000949943,1418,3,ENSMUST00000175726,19,-1,29753731,29753734,AAGA,GRCm38,79,Mouse,"No crisprs found overlapping insertion site"
MGI:2444398,9930021J03Rik,ENSMUSG00000046138,ENSMUSE00000954188,5205,8,ENSMUST00000175726,19,-1,29719382,29719385,CAGA,GRCm38,79,Mouse,"No crisprs found overlapping insertion site"
MGI:2444398,9930021J03Rik,ENSMUSG00000046138,ENSMUSE00000954188,5205,8,ENSMUST00000175726,19,-1,29719366,29719369,AAGA,GRCm38,79,Mouse,"No crisprs found overlapping insertion site"
MGI:2147538,Btaf1,ENSMUSG00000040565,ENSMUSE00000328356,427,20,ENSMUST00000099494,19,1,36986707,36986710,CAGA,GRCm38,79,Mouse,"No crisprs found overlapping insertion site"
MGI:1930042,Dclre1a,ENSMUSG00000025077,ENSMUSE00001278886,1632,3,ENSMUST00000182276,19,-1,56545427,56545430,CAGA,GRCm38,79,Mouse,"No crisprs found overlapping insertion site"
MGI:1930042,Dclre1a,ENSMUSG00000025077,ENSMUSE00000147806,1067,2,ENSMUST00000182276,19,-1,56546813,56546816,AAGA,GRCm38,79,Mouse,"No crisprs found overlapping insertion site"
MGI:1915508,Fam111a,ENSMUSG00000024691,ENSMUSE00000785492,2934,5,ENSMUST00000144662,19,1,12587602,12587605,CAGA,GRCm38,79,Mouse,"No crisprs found overlapping insertion site"
MGI:1914116,Nhlrc2,ENSMUSG00000025078,ENSMUSE00000147817,456,3,ENSMUST00000071423,19,1,56570633,56570636,CAGA,GRCm38,79,Mouse,"No crisprs found overlapping insertion site"
MGI:2683212,Ranbp6,ENSMUSG00000074909,ENSMUSE00000642112,4867,1,ENSMUST00000099525,19,-1,29811512,29811515,AAGA,GRCm38,79,Mouse,"No crisprs found overlapping insertion site"
MGI:103241,Slk,ENSMUSG00000025060,ENSMUSE00000147643,1350,9,ENSMUST00000051691,19,1,47619949,47619952,AAGA,GRCm38,79,Mouse,"No crisprs found overlapping insertion site"
MGI:2444304,Vps13a,ENSMUSG00000046230,ENSMUSE00000620842,170,37,ENSMUST00000068156,19,-1,16687165,16687168,CAGA,GRCm38,79,Mouse,"No crisprs found overlapping insertion site"
MGI:1919922,Zfp518a,ENSMUSG00000049164,ENSMUSE00000356320,6450,5,ENSMUST00000050092,19,1,40911718,40911721,CAGA,GRCm38,79,Mouse,"No crisprs found overlapping insertion site"
MGI:1919922,Zfp518a,ENSMUSG00000049164,ENSMUSE00000356320,6450,5,ENSMUST00000050092,19,1,40911694,40911697,AAGA,GRCm38,79,Mouse,"No crisprs found overlapping insertion site"
MGI:1919922,Zfp518a,ENSMUSG00000049164,ENSMUSE00000356320,6450,5,ENSMUST00000050092,19,1,40911951,40911954,AAGA,GRCm38,79,Mouse,"No crisprs found overlapping insertion site"
MGI:1919922,Zfp518a,ENSMUSG00000049164,ENSMUSE00000356320,6450,5,ENSMUST00000050092,19,1,40911744,40911747,CAGA,GRCm38,79,Mouse,"No crisprs found overlapping insertion site"
MGI:1919922,Zfp518a,ENSMUSG00000049164,ENSMUSE00000356320,6450,5,ENSMUST00000050092,19,1,40911708,40911711,CAGA,GRCm38,79,Mouse,"No crisprs found overlapping insertion site"
MGI:1351619,Abcb11,ENSMUSG00000027048,ENSMUSE00000165654,239,6,ENSMUST00000102709,2,-1,69323925,69323928,AAGA,GRCm38,79,Mouse,"No crisprs found overlapping insertion site"
MGI:1351619,Abcb11,ENSMUSG00000027048,ENSMUSE00000165654,239,6,ENSMUST00000102709,2,-1,69323930,69323933,AAGA,GRCm38,79,Mouse,"No crisprs found overlapping insertion site"
MGI:104913,Abi1,ENSMUSG00000058835,ENSMUSE00000569751,177,3,ENSMUST00000123948,2,-1,22971185,22971188,AAGA,GRCm38,79,Mouse,"No crisprs found overlapping insertion site"
MGI:1858234,Caprin1,ENSMUSG00000027184,ENSMUSE00001241001,239,5,ENSMUST00000028607,2,-1,103779508,103779511,CAGA,GRCm38,79,Mouse,"No crisprs found overlapping insertion site"
MGI:1913830,Esf1,ENSMUSG00000045624,ENSMUSE00000444523,684,2,ENSMUST00000046030,2,-1,140168126,140168129,CAGA,GRCm38,79,Mouse,"No crisprs found overlapping insertion site"
MGI:1913830,Esf1,ENSMUSG00000045624,ENSMUSE00000444523,684,2,ENSMUST00000046030,2,-1,140168141,140168144,CAGA,GRCm38,79,Mouse,"No crisprs found overlapping insertion site"
MGI:1913830,Esf1,ENSMUSG00000045624,ENSMUSE00000444523,684,2,ENSMUST00000046030,2,-1,140167994,140167997,CAGA,GRCm38,79,Mouse,"No crisprs found overlapping insertion site"
MGI:2444596,Fastkd1,ENSMUSG00000027086,ENSMUSE00000602030,480,1,ENSMUST00000073152,2,-1,69712355,69712358,AAGA,GRCm38,79,Mouse,"No crisprs found overlapping insertion site"
MGI:2664111,Fsip2,ENSMUSG00000075249,ENSMUSE00000815932,8944,16,ENSMUST00000143764,2,1,82975649,82975652,CAGA,GRCm38,79,Mouse,"No crisprs found overlapping insertion site"
MGI:2664111,Fsip2,ENSMUSG00000075249,ENSMUSE00000815932,8944,16,ENSMUST00000143764,2,1,82981935,82981938,CAGA,GRCm38,79,Mouse,"No crisprs found overlapping insertion site"
MGI:2664111,Fsip2,ENSMUSG00000075249,ENSMUSE00000815932,8944,16,ENSMUST00000143764,2,1,82975639,82975642,AAGA,GRCm38,79,Mouse,"No crisprs found overlapping insertion site"
MGI:2664111,Fsip2,ENSMUSG00000075249,ENSMUSE00000815932,8944,16,ENSMUST00000143764,2,1,82980890,82980893,CAGA,GRCm38,79,Mouse,"No crisprs found overlapping insertion site"
MGI:2664111,Fsip2,ENSMUSG00000075249,ENSMUSE00000815932,8944,16,ENSMUST00000143764,2,1,82976799,82976802,CAGA,GRCm38,79,Mouse,"No crisprs found overlapping insertion site"
MGI:1314882,Hipk3,ENSMUSG00000027177,ENSMUSE00000166588,185,6,ENSMUST00000028600,2,-1,104439311,104439314,CAGA,GRCm38,79,Mouse,"No crisprs found overlapping insertion site"
MGI:1314882,Hipk3,ENSMUSG00000027177,ENSMUSE00000166588,185,6,ENSMUST00000028600,2,-1,104439333,104439336,AAGA,GRCm38,79,Mouse,"No crisprs found overlapping insertion site"
MGI:1314882,Hipk3,ENSMUSG00000027177,ENSMUSE00000166588,185,6,ENSMUST00000028600,2,-1,104439304,104439307,AAGA,GRCm38,79,Mouse,"No crisprs found overlapping insertion site"
MGI:1915392,Ino80,ENSMUSG00000034154,ENSMUSE00000305548,162,5,ENSMUST00000049920,2,-1,119454131,119454134,CAGA,GRCm38,79,Mouse,"No crisprs found overlapping insertion site"
MGI:1915392,Ino80,ENSMUSG00000034154,ENSMUSE00000305548,162,5,ENSMUST00000049920,2,-1,119454126,119454129,AAGA,GRCm38,79,Mouse,"No crisprs found overlapping insertion site"
MGI:2159566,Kcnh7,ENSMUSG00000059742,ENSMUSE00000498792,426,7,ENSMUST00000075052,2,-1,62787731,62787734,CAGA,GRCm38,79,Mouse,"No crisprs found overlapping insertion site"
MGI:2446977,Kif18a,ENSMUSG00000027115,ENSMUSE00001245199,370,2,ENSMUST00000028527,2,1,109288050,109288053,AAGA,GRCm38,79,Mouse,"No crisprs found overlapping insertion site"
MGI:1352483,Mga,ENSMUSG00000033943,ENSMUSE00001307749,1128,2,ENSMUST00000110774,2,1,119903390,119903393,CAGA,GRCm38,79,Mouse,"No crisprs found overlapping insertion site"
MGI:1352483,Mga,ENSMUSG00000033943,ENSMUSE00000562063,518,13,ENSMUST00000110774,2,1,119935280,119935283,AAGA,GRCm38,79,Mouse,"No crisprs found overlapping insertion site"
MGI:1329038,Mllt10,ENSMUSG00000026743,ENSMUSE00000162332,570,11,ENSMUST00000028076,2,1,18162404,18162407,CAGA,GRCm38,79,Mouse,"No crisprs found overlapping insertion site"
MGI:1929915,Ncoa6,ENSMUSG00000038369,ENSMUSE00000467535,903,8,ENSMUST00000109670,2,-1,155421630,155421633,CAGA,GRCm38,79,Mouse,"No crisprs found overlapping insertion site"
MGI:97292,Neb,ENSMUSG00000026950,ENSMUSE00000645315,312,49,ENSMUST00000036934,2,-1,52271469,52271472,AAGA,GRCm38,79,Mouse,"No crisprs found overlapping insertion site"
MGI:3030936,Olfr1102,ENSMUSG00000049843,ENSMUSE00000360708,975,1,ENSMUST00000055129,2,1,87002059,87002062,CAGA,GRCm38,79,Mouse,"No crisprs found overlapping insertion site"
MGI:3030963,Olfr1129,ENSMUSG00000062272,ENSMUSE00001002656,945,1,ENSMUST00000081034,2,1,87575366,87575369,AAGA,GRCm38,79,Mouse,"No crisprs found overlapping insertion site"
MGI:3030176,Olfr342,ENSMUSG00000061305,ENSMUSE00000493560,939,1,ENSMUST00000074192,2,1,36527711,36527714,CAGA,GRCm38,79,Mouse,"No crisprs found overlapping insertion site"
MGI:2138986,Qser1,ENSMUSG00000074994,ENSMUSE00000714265,3678,3,ENSMUST00000117237,2,-1,104788616,104788619,AAGA,GRCm38,79,Mouse,"No crisprs found overlapping insertion site"
MGI:1922960,Rbm12,ENSMUSG00000089824,ENSMUSE00000680905,6415,3,ENSMUST00000059647,2,-1,156098118,156098121,CAGA,GRCm38,79,Mouse,"No crisprs found overlapping insertion site"
MGI:1921866,Scrn3,ENSMUSG00000008226,ENSMUSE00000387445,161,2,ENSMUST00000090811,2,1,73315517,73315520,CAGA,GRCm38,79,Mouse,"No crisprs found overlapping insertion site"
MGI:1921866,Scrn3,ENSMUSG00000008226,ENSMUSE00000387445,161,2,ENSMUST00000090811,2,1,73315513,73315516,CAGA,GRCm38,79,Mouse,"No crisprs found overlapping insertion site"
MGI:2444989,Spg11,ENSMUSG00000033396,ENSMUSE00001233659,225,3,ENSMUST00000036450,2,-1,122113172,122113175,CAGA,GRCm38,79,Mouse,"No crisprs found overlapping insertion site"
MGI:1933281,Sycp2,ENSMUSG00000060445,ENSMUSE00001296961,419,23,ENSMUST00000081134,2,-1,178374662,178374665,CAGA,GRCm38,79,Mouse,"No crisprs found overlapping insertion site"
MGI:1933281,Sycp2,ENSMUSG00000060445,ENSMUSE00001296961,419,23,ENSMUST00000081134,2,-1,178374629,178374632,AAGA,GRCm38,79,Mouse,"No crisprs found overlapping insertion site"
MGI:1933281,Sycp2,ENSMUSG00000060445,ENSMUSE00001296961,419,23,ENSMUST00000081134,2,-1,178374473,178374476,AAGA,GRCm38,79,Mouse,"No crisprs found overlapping insertion site"
MGI:1933281,Sycp2,ENSMUSG00000060445,ENSMUSE00001296961,419,23,ENSMUST00000081134,2,-1,178374640,178374643,AAGA,GRCm38,79,Mouse,"No crisprs found overlapping insertion site"
MGI:1933281,Sycp2,ENSMUSG00000060445,ENSMUSE00001296961,419,23,ENSMUST00000081134,2,-1,178374653,178374656,CAGA,GRCm38,79,Mouse,"No crisprs found overlapping insertion site"
MGI:98864,Ttn,ENSMUSG00000051747,ENSMUSE00000601424,279,218,ENSMUST00000111846,2,-1,76788263,76788266,AAGA,GRCm38,79,Mouse,"No crisprs found overlapping insertion site"
MGI:98864,Ttn,ENSMUSG00000051747,ENSMUSE00000689665,288,83,ENSMUST00000111846,2,-1,76884475,76884478,CAGA,GRCm38,79,Mouse,"No crisprs found overlapping insertion site"
MGI:2685198,Xirp2,ENSMUSG00000027022,ENSMUSE00000165506,9265,7,ENSMUST00000028410,2,1,67508917,67508920,AAGA,GRCm38,79,Mouse,"No crisprs found overlapping insertion site"
MGI:2444402,Zbtb26,ENSMUSG00000050714,ENSMUSE00000452064,4832,2,ENSMUST00000067043,2,-1,37436909,37436912,AAGA,GRCm38,79,Mouse,"No crisprs found overlapping insertion site"
MGI:2444402,Zbtb26,ENSMUSG00000050714,ENSMUSE00000452064,4832,2,ENSMUST00000067043,2,-1,37436904,37436907,AAGA,GRCm38,79,Mouse,"No crisprs found overlapping insertion site"
MGI:2442998,Zbtb6,ENSMUSG00000066798,ENSMUSE00000693680,4421,3,ENSMUST00000112932,2,-1,37429439,37429442,AAGA,GRCm38,79,Mouse,"No crisprs found overlapping insertion site"
MGI:2442998,Zbtb6,ENSMUSG00000066798,ENSMUSE00000693680,4421,3,ENSMUST00000112932,2,-1,37429415,37429418,CAGA,GRCm38,79,Mouse,"No crisprs found overlapping insertion site"
MGI:3651999,Zfp442,ENSMUSG00000068130,ENSMUSE00000682097,2649,4,ENSMUST00000109916,2,-1,150409444,150409447,AAGA,GRCm38,79,Mouse,"No crisprs found overlapping insertion site"
MGI:2443513,Arsj,ENSMUSG00000046561,ENSMUSE00000586952,2376,2,ENSMUST00000093976,3,1,126438318,126438321,CAGA,GRCm38,79,Mouse,"No crisprs found overlapping insertion site"
MGI:2183158,Ash1l,ENSMUSG00000028053,ENSMUSE00000510362,4558,3,ENSMUST00000186583,3,1,88983786,88983789,AAGA,GRCm38,79,Mouse,"No crisprs found overlapping insertion site"
MGI:2183158,Ash1l,ENSMUSG00000028053,ENSMUSE00000510362,4558,3,ENSMUST00000186583,3,1,88983039,88983042,AAGA,GRCm38,79,Mouse,"No crisprs found overlapping insertion site"
MGI:2183158,Ash1l,ENSMUSG00000028053,ENSMUSE00000510362,4558,3,ENSMUST00000186583,3,1,88982704,88982707,AAGA,GRCm38,79,Mouse,"No crisprs found overlapping insertion site"
MGI:2442120,Bank1,ENSMUSG00000037922,ENSMUSE00000347560,399,2,ENSMUST00000041577,3,-1,136284166,136284169,AAGA,GRCm38,79,Mouse,"No crisprs found overlapping insertion site"
MGI:2681852,Ccdc144b,ENSMUSG00000047696,ENSMUSE00000357314,184,4,ENSMUST00000166644,3,-1,36035358,36035361,AAGA,GRCm38,79,Mouse,"No crisprs found overlapping insertion site"
MGI:1098230,Cenpe,ENSMUSG00000045328,ENSMUSE00000377127,168,16,ENSMUST00000062893,3,1,135232968,135232971,CAGA,GRCm38,79,Mouse,"No crisprs found overlapping insertion site"
MGI:5439431,Gm21962,ENSMUSG00000094856,ENSMUSE00000998460,1017,1,ENSMUST00000166899,3,1,137672014,137672017,AAGA,GRCm38,79,Mouse,"No crisprs found overlapping insertion site"
MGI:1314873,Hipk1,ENSMUSG00000008730,ENSMUSE00001210262,185,6,ENSMUST00000118317,3,-1,103761568,103761571,CAGA,GRCm38,79,Mouse,"No crisprs found overlapping insertion site"
MGI:1314873,Hipk1,ENSMUSG00000008730,ENSMUSE00001210262,185,6,ENSMUST00000118317,3,-1,103761563,103761566,AAGA,GRCm38,79,Mouse,"No crisprs found overlapping insertion site"
MGI:1346049,Hs2st1,ENSMUSG00000040151,ENSMUSE00001215306,239,2,ENSMUST00000043325,3,-1,144465170,144465173,CAGA,GRCm38,79,Mouse,"No crisprs found overlapping insertion site"
MGI:1919043,Ints12,ENSMUSG00000028016,ENSMUSE00000175220,165,2,ENSMUST00000029650,3,1,133096823,133096826,AAGA,GRCm38,79,Mouse,"No crisprs found overlapping insertion site"
MGI:1933162,Lrba,ENSMUSG00000028080,ENSMUSE00000298265,1050,23,ENSMUST00000107635,3,1,86348480,86348483,AAGA,GRCm38,79,Mouse,"No crisprs found overlapping insertion site"
MGI:1918960,Lrrcc1,ENSMUSG00000027550,ENSMUSE00001211080,205,10,ENSMUST00000169079,3,1,14550311,14550314,CAGA,GRCm38,79,Mouse,"No crisprs found overlapping insertion site"
MGI:1922088,Naa15,ENSMUSG00000063273,ENSMUSE00000493668,158,4,ENSMUST00000029303,3,1,51441993,51441996,AAGA,GRCm38,79,Mouse,"No crisprs found overlapping insertion site"
MGI:109211,Pkn2,ENSMUSG00000004591,ENSMUSE00001309758,301,2,ENSMUST00000043812,3,-1,142853479,142853482,AAGA,GRCm38,79,Mouse,"No crisprs found overlapping insertion site"
MGI:1915181,Serpini2,ENSMUSG00000034139,ENSMUSE00000225819,195,4,ENSMUST00000039047,3,-1,75258075,75258078,CAGA,GRCm38,79,Mouse,"No crisprs found overlapping insertion site"
MGI:1917349,Smc4,ENSMUSG00000034349,ENSMUSE00001247877,234,11,ENSMUST00000042901,3,1,69022299,69022302,CAGA,GRCm38,79,Mouse,"No crisprs found overlapping insertion site"
MGI:1927170,Spata5,ENSMUSG00000027722,ENSMUSE00000172614,645,5,ENSMUST00000108112,3,1,37432120,37432123,AAGA,GRCm38,79,Mouse,"No crisprs found overlapping insertion site"
MGI:105931,Sycp1,ENSMUSG00000027855,ENSMUSE00000318437,165,6,ENSMUST00000029448,3,-1,102932711,102932714,CAGA,GRCm38,79,Mouse,"No crisprs found overlapping insertion site"
MGI:105931,Sycp1,ENSMUSG00000027855,ENSMUSE00000318437,165,6,ENSMUST00000029448,3,-1,102932707,102932710,AAGA,GRCm38,79,Mouse,"No crisprs found overlapping insertion site"
MGI:2137357,Trim33,ENSMUSG00000033014,ENSMUSE00000486062,145,3,ENSMUST00000029444,3,1,103310893,103310896,AAGA,GRCm38,79,Mouse,"No crisprs found overlapping insertion site"
MGI:2139593,Wdr47,ENSMUSG00000040389,ENSMUSE00000350101,803,5,ENSMUST00000051145,3,1,108618946,108618949,CAGA,GRCm38,79,Mouse,"No crisprs found overlapping insertion site"
MGI:1353627,Angptl3,ENSMUSG00000028553,ENSMUSE00000281748,546,1,ENSMUST00000030280,4,1,99031221,99031224,CAGA,GRCm38,79,Mouse,"No crisprs found overlapping insertion site"
MGI:1349399,Casp8ap2,ENSMUSG00000028282,ENSMUSE00000177847,2195,7,ENSMUST00000029950,4,1,32640212,32640215,AAGA,GRCm38,79,Mouse,"No crisprs found overlapping insertion site"
MGI:1349399,Casp8ap2,ENSMUSG00000028282,ENSMUSE00000177847,2195,7,ENSMUST00000029950,4,1,32640219,32640222,AAGA,GRCm38,79,Mouse,"No crisprs found overlapping insertion site"
MGI:1349399,Casp8ap2,ENSMUSG00000028282,ENSMUSE00000177847,2195,7,ENSMUST00000029950,4,1,32640365,32640368,AAGA,GRCm38,79,Mouse,"No crisprs found overlapping insertion site"
MGI:1349399,Casp8ap2,ENSMUSG00000028282,ENSMUSE00000177847,2195,7,ENSMUST00000029950,4,1,32641403,32641406,AAGA,GRCm38,79,Mouse,"No crisprs found overlapping insertion site"
MGI:106091,Cyp7a1,ENSMUSG00000028240,ENSMUSE00000177511,587,3,ENSMUST00000029905,4,-1,6272615,6272618,AAGA,GRCm38,79,Mouse,"No crisprs found overlapping insertion site"
MGI:2442858,Ddx58,ENSMUSG00000040296,ENSMUSE00000463877,259,8,ENSMUST00000037907,4,-1,40223991,40223994,AAGA,GRCm38,79,Mouse,"No crisprs found overlapping insertion site"
MGI:3702694,Gm13051,ENSMUSG00000066009,ENSMUSE00000667301,2465,4,ENSMUST00000091878,4,1,146124703,146124706,CAGA,GRCm38,79,Mouse,"No crisprs found overlapping insertion site"
MGI:3701604,Gm13139,ENSMUSG00000067916,ENSMUSE00000524092,2255,7,ENSMUST00000084149,4,1,147178803,147178806,CAGA,GRCm38,79,Mouse,"No crisprs found overlapping insertion site"
MGI:3651739,Gm13150,ENSMUSG00000086147,ENSMUSE00000667354,1829,5,ENSMUST00000146688,4,1,146989473,146989476,CAGA,GRCm38,79,Mouse,"No crisprs found overlapping insertion site"
MGI:3651985,Gm13151,ENSMUSG00000078498,ENSMUSE00000764733,2467,4,ENSMUST00000148762,4,1,147331814,147331817,CAGA,GRCm38,79,Mouse,"No crisprs found overlapping insertion site"
MGI:3652161,Gm13225,ENSMUSG00000078503,ENSMUSE00000667358,2598,5,ENSMUST00000105741,4,1,145537137,145537140,CAGA,GRCm38,79,Mouse,"No crisprs found overlapping insertion site"
MGI:3700963,Gm13251,ENSMUSG00000070605,ENSMUSE00000667320,4312,4,ENSMUST00000105733,4,1,146466459,146466462,CAGA,GRCm38,79,Mouse,"No crisprs found overlapping insertion site"
MGI:1919906,Ints8,ENSMUSG00000040738,ENSMUSE00001279529,176,12,ENSMUST00000044616,4,-1,11230422,11230425,AAGA,GRCm38,79,Mouse,"No crisprs found overlapping insertion site"
MGI:1919906,Ints8,ENSMUSG00000040738,ENSMUSE00001279529,176,12,ENSMUST00000044616,4,-1,11230428,11230431,AAGA,GRCm38,79,Mouse,"No crisprs found overlapping insertion site"
MGI:96628,Jak1,ENSMUSG00000028530,ENSMUSE00000179879,340,7,ENSMUST00000102781,4,-1,101179555,101179558,CAGA,GRCm38,79,Mouse,"No crisprs found overlapping insertion site"
MGI:1926159,Mdn1,ENSMUSG00000058006,ENSMUSE00000605215,198,35,ENSMUST00000178134,4,1,32708508,32708511,AAGA,GRCm38,79,Mouse,"No crisprs found overlapping insertion site"
MGI:1926159,Mdn1,ENSMUSG00000058006,ENSMUSE00000605215,198,35,ENSMUST00000178134,4,1,32708519,32708522,AAGA,GRCm38,79,Mouse,"No crisprs found overlapping insertion site"
MGI:2685416,Skint10,ENSMUSG00000048766,ENSMUSE00001018052,282,3,ENSMUST00000060327,4,-1,112746635,112746638,CAGA,GRCm38,79,Mouse,"No crisprs found overlapping insertion site"
MGI:2685416,Skint10,ENSMUSG00000048766,ENSMUSE00001018052,282,3,ENSMUST00000060327,4,-1,112746640,112746643,AAGA,GRCm38,79,Mouse,"No crisprs found overlapping insertion site"
MGI:106067,Smc2,ENSMUSG00000028312,ENSMUSE00001242035,160,11,ENSMUST00000102915,4,1,52458503,52458506,AAGA,GRCm38,79,Mouse,"No crisprs found overlapping insertion site"
MGI:3045357,Tmem69,ENSMUSG00000055900,ENSMUSE00000670118,1248,3,ENSMUST00000106478,4,-1,116553651,116553654,CAGA,GRCm38,79,Mouse,"No crisprs found overlapping insertion site"
MGI:2445126,Zcchc11,ENSMUSG00000034610,ENSMUSE00000601575,869,3,ENSMUST00000043368,4,1,108479660,108479663,CAGA,GRCm38,79,Mouse,"No crisprs found overlapping insertion site"
MGI:1925270,4930522L14Rik,ENSMUSG00000072762,ENSMUSE00000692116,1810,4,ENSMUST00000112547,5,-1,109737356,109737359,AAGA,GRCm38,79,Mouse,"No crisprs found overlapping insertion site"
MGI:2178217,Akap9,ENSMUSG00000040407,ENSMUSE00000887042,2346,7,ENSMUST00000044492,5,1,3961103,3961106,AAGA,GRCm38,79,Mouse,"No crisprs found overlapping insertion site"
MGI:2178217,Akap9,ENSMUSG00000040407,ENSMUSE00000887042,2346,7,ENSMUST00000044492,5,1,3960208,3960211,AAGA,GRCm38,79,Mouse,"No crisprs found overlapping insertion site"
MGI:2178217,Akap9,ENSMUSG00000040407,ENSMUSE00000887042,2346,7,ENSMUST00000044492,5,1,3960200,3960203,AAGA,GRCm38,79,Mouse,"No crisprs found overlapping insertion site"
MGI:2178217,Akap9,ENSMUSG00000040407,ENSMUSE00000887042,2346,7,ENSMUST00000044492,5,1,3960189,3960192,AAGA,GRCm38,79,Mouse,"No crisprs found overlapping insertion site"
MGI:2178217,Akap9,ENSMUSG00000040407,ENSMUSE00000481796,354,16,ENSMUST00000044492,5,1,4001487,4001490,CAGA,GRCm38,79,Mouse,"No crisprs found overlapping insertion site"
MGI:3040669,BC005561,ENSMUSG00000079065,ENSMUSE00000656167,4961,2,ENSMUST00000096452,5,1,104518067,104518070,AAGA,GRCm38,79,Mouse,"No crisprs found overlapping insertion site"
MGI:3040669,BC005561,ENSMUSG00000079065,ENSMUSE00000656167,4961,2,ENSMUST00000096452,5,1,104517915,104517918,AAGA,GRCm38,79,Mouse,"No crisprs found overlapping insertion site"
MGI:3040669,BC005561,ENSMUSG00000079065,ENSMUSE00000656167,4961,2,ENSMUST00000096452,5,1,104517928,104517931,AAGA,GRCm38,79,Mouse,"No crisprs found overlapping insertion site"
MGI:2444804,Bod1l,ENSMUSG00000061755,ENSMUSE00000514314,5953,10,ENSMUST00000050556,5,-1,41820977,41820980,CAGA,GRCm38,79,Mouse,"No crisprs found overlapping insertion site"
MGI:2444804,Bod1l,ENSMUSG00000061755,ENSMUSE00000514314,5953,10,ENSMUST00000050556,5,-1,41820881,41820884,AAGA,GRCm38,79,Mouse,"No crisprs found overlapping insertion site"
MGI:2444804,Bod1l,ENSMUSG00000061755,ENSMUSE00000514314,5953,10,ENSMUST00000050556,5,-1,41820981,41820984,AAGA,GRCm38,79,Mouse,"No crisprs found overlapping insertion site"
MGI:2444804,Bod1l,ENSMUSG00000061755,ENSMUSE00000514314,5953,10,ENSMUST00000050556,5,-1,41820885,41820888,AAGA,GRCm38,79,Mouse,"No crisprs found overlapping insertion site"
MGI:2444804,Bod1l,ENSMUSG00000061755,ENSMUSE00000514314,5953,10,ENSMUST00000050556,5,-1,41820896,41820899,AAGA,GRCm38,79,Mouse,"No crisprs found overlapping insertion site"
MGI:109337,Brca2,ENSMUSG00000041147,ENSMUSE00000258232,1107,10,ENSMUST00000044620,5,1,150537052,150537055,CAGA,GRCm38,79,Mouse,"No crisprs found overlapping insertion site"
MGI:109337,Brca2,ENSMUSG00000041147,ENSMUSE00000258232,1107,10,ENSMUST00000044620,5,1,150536242,150536245,AAGA,GRCm38,79,Mouse,"No crisprs found overlapping insertion site"
MGI:109337,Brca2,ENSMUSG00000041147,ENSMUSE00000258232,1107,10,ENSMUST00000044620,5,1,150537044,150537047,CAGA,GRCm38,79,Mouse,"No crisprs found overlapping insertion site"
MGI:109337,Brca2,ENSMUSG00000041147,ENSMUSE00000258226,4809,11,ENSMUST00000044620,5,1,150541052,150541055,CAGA,GRCm38,79,Mouse,"No crisprs found overlapping insertion site"
MGI:109337,Brca2,ENSMUSG00000041147,ENSMUSE00000258226,4809,11,ENSMUST00000044620,5,1,150540535,150540538,AAGA,GRCm38,79,Mouse,"No crisprs found overlapping insertion site"
MGI:1922422,Ccdc146,ENSMUSG00000064280,ENSMUSE00000602900,228,8,ENSMUST00000115245,5,-1,21318149,21318152,AAGA,GRCm38,79,Mouse,"No crisprs found overlapping insertion site"
MGI:1922974,Ccdc18,ENSMUSG00000056531,ENSMUSE00000469791,159,4,ENSMUST00000047677,5,1,108139007,108139010,CAGA,GRCm38,79,Mouse,"No crisprs found overlapping insertion site"
MGI:107943,Cct6a,ENSMUSG00000029447,ENSMUSE00000188967,160,7,ENSMUST00000031402,5,1,129791846,129791849,AAGA,GRCm38,79,Mouse,"No crisprs found overlapping insertion site"
MGI:1261918,D5Ertd577e,ENSMUSG00000070677,ENSMUSE00001041206,591,3,ENSMUST00000094593,5,1,95482707,95482710,AAGA,GRCm38,79,Mouse,"No crisprs found overlapping insertion site"
MGI:3615333,E330014E10Rik,ENSMUSG00000072813,ENSMUSE00001051377,591,3,ENSMUST00000071182,5,1,95801837,95801840,AAGA,GRCm38,79,Mouse,"No crisprs found overlapping insertion site"
MGI:2141041,Gm16513,ENSMUSG00000095996,ENSMUSE00001085097,591,2,ENSMUST00000101023,5,1,95192065,95192068,AAGA,GRCm38,79,Mouse,"No crisprs found overlapping insertion site"
MGI:3781282,Gm3106,ENSMUSG00000096259,ENSMUSE00001030260,591,2,ENSMUST00000179743,5,1,94219130,94219133,AAGA,GRCm38,79,Mouse,"No crisprs found overlapping insertion site"
MGI:3781318,Gm3139,ENSMUSG00000095074,ENSMUSE00001013066,591,2,ENSMUST00000178330,5,1,94535954,94535957,AAGA,GRCm38,79,Mouse,"No crisprs found overlapping insertion site"
MGI:3781362,Gm3183,ENSMUSG00000095954,ENSMUSE00001031253,591,2,ENSMUST00000180076,5,1,94874903,94874906,AAGA,GRCm38,79,Mouse,"No crisprs found overlapping insertion site"
MGI:2141183,Mlxip,ENSMUSG00000038342,ENSMUSE00001009853,172,6,ENSMUST00000068237,5,1,123443112,123443115,CAGA,GRCm38,79,Mouse,"No crisprs found overlapping insertion site"
MGI:2684414,N4bp2,ENSMUSG00000037795,ENSMUSE00000253854,1153,6,ENSMUST00000113738,5,1,65790371,65790374,CAGA,GRCm38,79,Mouse,"No crisprs found overlapping insertion site"
MGI:1920460,Nup54,ENSMUSG00000034826,ENSMUSE00000375173,188,5,ENSMUST00000038514,5,-1,92425731,92425734,CAGA,GRCm38,79,Mouse,"No crisprs found overlapping insertion site"
MGI:1920460,Nup54,ENSMUSG00000034826,ENSMUSE00000375173,188,5,ENSMUST00000038514,5,-1,92425737,92425740,AAGA,GRCm38,79,Mouse,"No crisprs found overlapping insertion site"
MGI:1349390,Pclo,ENSMUSG00000061601,ENSMUSE00001236708,711,4,ENSMUST00000030691,5,1,14669146,14669149,CAGA,GRCm38,79,Mouse,"No crisprs found overlapping insertion site"
MGI:2443658,Prr14l,ENSMUSG00000054280,ENSMUSE00000708023,4594,6,ENSMUST00000120129,5,-1,32829244,32829247,AAGA,GRCm38,79,Mouse,"No crisprs found overlapping insertion site"
MGI:2443658,Prr14l,ENSMUSG00000054280,ENSMUSE00000708023,4594,6,ENSMUST00000120129,5,-1,32830196,32830199,AAGA,GRCm38,79,Mouse,"No crisprs found overlapping insertion site"
MGI:3036237,Rsbn1l,ENSMUSG00000039968,ENSMUSE00000483327,638,3,ENSMUST00000036489,5,-1,20920097,20920100,AAGA,GRCm38,79,Mouse,"No crisprs found overlapping insertion site"
MGI:1341295,Tlr1,ENSMUSG00000044827,ENSMUSE00000365505,2488,3,ENSMUST00000059349,5,-1,64927040,64927043,CAGA,GRCm38,79,Mouse,"No crisprs found overlapping insertion site"
MGI:1341295,Tlr1,ENSMUSG00000044827,ENSMUSE00000365505,2488,3,ENSMUST00000059349,5,-1,64926080,64926083,AAGA,GRCm38,79,Mouse,"No crisprs found overlapping insertion site"
MGI:2140962,Ugt2b34,ENSMUSG00000029260,ENSMUSE00000356897,747,1,ENSMUST00000031181,5,-1,86906508,86906511,AAGA,GRCm38,79,Mouse,"No crisprs found overlapping insertion site"
MGI:2140962,Ugt2b34,ENSMUSG00000029260,ENSMUSE00000356897,747,1,ENSMUST00000031181,5,-1,86906526,86906529,AAGA,GRCm38,79,Mouse,"No crisprs found overlapping insertion site"
MGI:3576103,Ugt2b36,ENSMUSG00000070704,ENSMUSE00000597770,755,1,ENSMUST00000094649,5,-1,87092136,87092139,AAGA,GRCm38,79,Mouse,"No crisprs found overlapping insertion site"
MGI:2140794,Ugt2b38,ENSMUSG00000061906,ENSMUSE00000477211,756,1,ENSMUST00000072818,5,-1,87423783,87423786,AAGA,GRCm38,79,Mouse,"No crisprs found overlapping insertion site"
MGI:98900,Ugt2b5,ENSMUSG00000054630,ENSMUSE00000825806,736,1,ENSMUST00000067790,5,-1,87139918,87139921,AAGA,GRCm38,79,Mouse,"No crisprs found overlapping insertion site"
MGI:1919230,Utp3,ENSMUSG00000070697,ENSMUSE00000597555,1601,1,ENSMUST00000090413,5,1,88555239,88555242,AAGA,GRCm38,79,Mouse,"No crisprs found overlapping insertion site"
MGI:3647194,Vmn2r16,ENSMUSG00000092080,ENSMUSE00000984378,807,3,ENSMUST00000165180,5,1,109339937,109339940,AAGA,GRCm38,79,Mouse,"No crisprs found overlapping insertion site"
MGI:3647193,Vmn2r17,ENSMUSG00000091879,ENSMUSE00000980726,807,3,ENSMUST00000171841,5,1,109427899,109427902,CAGA,GRCm38,79,Mouse,"No crisprs found overlapping insertion site"
MGI:3642986,Vmn2r8,ENSMUSG00000090961,ENSMUSE00000997293,280,2,ENSMUST00000172140,5,-1,108803213,108803216,AAGA,GRCm38,79,Mouse,"No crisprs found overlapping insertion site"
MGI:2444933,Zfp605,ENSMUSG00000023284,ENSMUSE00000692012,2548,5,ENSMUST00000112528,5,1,110127483,110127486,AAGA,GRCm38,79,Mouse,"No crisprs found overlapping insertion site"
MGI:1919861,Zfp655,ENSMUSG00000007812,ENSMUSE00000886982,3728,4,ENSMUST00000167316,5,1,145243796,145243799,AAGA,GRCm38,79,Mouse,"No crisprs found overlapping insertion site"
MGI:2685287,Zfp804b,ENSMUSG00000092094,ENSMUSE00000884546,3649,3,ENSMUST00000164784,5,-1,6771776,6771779,AAGA,GRCm38,79,Mouse,"No crisprs found overlapping insertion site"
MGI:1914496,2810474O19Rik,ENSMUSG00000032712,ENSMUSE00000315731,4380,3,ENSMUST00000046689,6,1,149326652,149326655,AAGA,GRCm38,79,Mouse,"No crisprs found overlapping insertion site"
MGI:1914496,2810474O19Rik,ENSMUSG00000032712,ENSMUSE00000315731,4380,3,ENSMUST00000046689,6,1,149327000,149327003,CAGA,GRCm38,79,Mouse,"No crisprs found overlapping insertion site"
MGI:1341149,Akap3,ENSMUSG00000030344,ENSMUSE00000197655,2343,5,ENSMUST00000095440,6,1,126865705,126865708,CAGA,GRCm38,79,Mouse,"No crisprs found overlapping insertion site"
MGI:1934606,Alms1,ENSMUSG00000063810,ENSMUSE00000614936,3768,8,ENSMUST00000072018,6,1,85621798,85621801,AAGA,GRCm38,79,Mouse,"No crisprs found overlapping insertion site"
MGI:2448541,Caprin2,ENSMUSG00000030309,ENSMUSE00000519632,239,5,ENSMUST00000111569,6,-1,148877875,148877878,CAGA,GRCm38,79,Mouse,"No crisprs found overlapping insertion site"
MGI:1859026,Cnot4,ENSMUSG00000038784,ENSMUSE00000285485,198,3,ENSMUST00000114993,6,-1,35078079,35078082,CAGA,GRCm38,79,Mouse,"No crisprs found overlapping insertion site"
MGI:1859026,Cnot4,ENSMUSG00000038784,ENSMUSE00000285485,198,3,ENSMUST00000114993,6,-1,35078086,35078089,AAGA,GRCm38,79,Mouse,"No crisprs found overlapping insertion site"
MGI:3643462,Gm5581,ENSMUSG00000061969,ENSMUSE00000548710,2071,4,ENSMUST00000072940,6,-1,131168104,131168107,CAGA,GRCm38,79,Mouse,"No crisprs found overlapping insertion site"
MGI:1924292,Hyal4,ENSMUSG00000029680,ENSMUSE00000346456,1002,3,ENSMUST00000031691,6,1,24756277,24756280,CAGA,GRCm38,79,Mouse,"No crisprs found overlapping insertion site"
MGI:1924292,Hyal4,ENSMUSG00000029680,ENSMUSE00000346456,1002,3,ENSMUST00000031691,6,1,24756273,24756276,CAGA,GRCm38,79,Mouse,"No crisprs found overlapping insertion site"
MGI:1924292,Hyal4,ENSMUSG00000029680,ENSMUSE00000346456,1002,3,ENSMUST00000031691,6,1,24756285,24756288,AAGA,GRCm38,79,Mouse,"No crisprs found overlapping insertion site"
MGI:1918481,Kbtbd12,ENSMUSG00000033182,ENSMUSE00000720580,1176,2,ENSMUST00000120933,6,-1,88618767,88618770,AAGA,GRCm38,79,Mouse,"No crisprs found overlapping insertion site"
MGI:2182066,Mios,ENSMUSG00000042447,ENSMUSE00000240168,1334,3,ENSMUST00000040017,6,1,8214945,8214948,AAGA,GRCm38,79,Mouse,"No crisprs found overlapping insertion site"
MGI:99837,Mug1,ENSMUSG00000059908,ENSMUSE00001270704,160,3,ENSMUST00000032228,6,1,121841098,121841101,AAGA,GRCm38,79,Mouse,"No crisprs found overlapping insertion site"
MGI:1923539,Phf14,ENSMUSG00000029629,ENSMUSE00000619990,767,3,ENSMUST00000115511,6,1,11933340,11933343,AAGA,GRCm38,79,Mouse,"No crisprs found overlapping insertion site"
MGI:2150308,Plcz1,ENSMUSG00000030230,ENSMUSE00001243386,202,5,ENSMUST00000032356,6,-1,140023244,140023247,AAGA,GRCm38,79,Mouse,"No crisprs found overlapping insertion site"
MGI:1920145,Setd5,ENSMUSG00000034269,ENSMUSE00001263211,243,7,ENSMUST00000042889,6,1,113114929,113114932,AAGA,GRCm38,79,Mouse,"No crisprs found overlapping insertion site"
MGI:2681203,Tas2r106,ENSMUSG00000057754,ENSMUSE00000489181,927,1,ENSMUST00000076756,6,-1,131678515,131678518,AAGA,GRCm38,79,Mouse,"No crisprs found overlapping insertion site"
MGI:2681267,Tas2r124,ENSMUSG00000060412,ENSMUSE00000507751,930,1,ENSMUST00000076150,6,1,132754962,132754965,AAGA,GRCm38,79,Mouse,"No crisprs found overlapping insertion site"
MGI:2681267,Tas2r124,ENSMUSG00000060412,ENSMUSE00000507751,930,1,ENSMUST00000076150,6,1,132754932,132754935,AAGA,GRCm38,79,Mouse,"No crisprs found overlapping insertion site"
MGI:2681304,Tas2r136,ENSMUSG00000053217,ENSMUSE00000422283,984,1,ENSMUST00000065532,6,-1,132777772,132777775,AAGA,GRCm38,79,Mouse,"No crisprs found overlapping insertion site"
MGI:2681298,Tas2r140,ENSMUSG00000071147,ENSMUSE00000608980,1000,1,ENSMUST00000095391,6,-1,133055557,133055560,AAGA,GRCm38,79,Mouse,"No crisprs found overlapping insertion site"
MGI:2148522,Vmn1r10,ENSMUSG00000093785,ENSMUSE00000956121,972,1,ENSMUST00000176073,6,1,57113609,57113612,CAGA,GRCm38,79,Mouse,"No crisprs found overlapping insertion site"
MGI:2148524,Vmn1r11,ENSMUSG00000093635,ENSMUSE00000956726,1027,1,ENSMUST00000176954,6,1,57137537,57137540,CAGA,GRCm38,79,Mouse,"No crisprs found overlapping insertion site"
MGI:2148523,Vmn1r29,ENSMUSG00000091734,ENSMUSE00000896738,1023,1,ENSMUST00000168416,6,1,58307481,58307484,CAGA,GRCm38,79,Mouse,"No crisprs found overlapping insertion site"
MGI:2159466,Vmn1r9,ENSMUSG00000091541,ENSMUSE00000905706,1051,1,ENSMUST00000171186,6,1,57071126,57071129,CAGA,GRCm38,79,Mouse,"No crisprs found overlapping insertion site"
MGI:1919970,Zfp248,ENSMUSG00000030145,ENSMUSE00000652081,3076,6,ENSMUST00000069292,6,-1,118430191,118430194,AAGA,GRCm38,79,Mouse,"No crisprs found overlapping insertion site"
MGI:1919970,Zfp248,ENSMUSG00000030145,ENSMUSE00000652081,3076,6,ENSMUST00000069292,6,-1,118429833,118429836,CAGA,GRCm38,79,Mouse,"No crisprs found overlapping insertion site"
MGI:1919970,Zfp248,ENSMUSG00000030145,ENSMUSE00000652081,3076,6,ENSMUST00000069292,6,-1,118430161,118430164,AAGA,GRCm38,79,Mouse,"No crisprs found overlapping insertion site"
MGI:1919970,Zfp248,ENSMUSG00000030145,ENSMUSE00000652081,3076,6,ENSMUST00000069292,6,-1,118429852,118429855,CAGA,GRCm38,79,Mouse,"No crisprs found overlapping insertion site"
MGI:1922662,2610021A01Rik,ENSMUSG00000091474,ENSMUSE00000897327,3281,6,ENSMUST00000163475,7,1,41625706,41625709,CAGA,GRCm38,79,Mouse,"No crisprs found overlapping insertion site"
MGI:1922662,2610021A01Rik,ENSMUSG00000091474,ENSMUSE00000897327,3281,6,ENSMUST00000163475,7,1,41625702,41625705,CAGA,GRCm38,79,Mouse,"No crisprs found overlapping insertion site"
MGI:2443685,5830411N06Rik,ENSMUSG00000054672,ENSMUSE00000885322,142,6,ENSMUST00000164583,7,1,140274070,140274073,AAGA,GRCm38,79,Mouse,"No crisprs found overlapping insertion site"
MGI:2388708,Abca14,ENSMUSG00000062017,ENSMUSE00001211927,250,3,ENSMUST00000084640,7,1,120207867,120207870,CAGA,GRCm38,79,Mouse,"No crisprs found overlapping insertion site"
MGI:2388708,Abca14,ENSMUSG00000062017,ENSMUSE00001211927,250,3,ENSMUST00000084640,7,1,120207877,120207880,AAGA,GRCm38,79,Mouse,"No crisprs found overlapping insertion site"
MGI:1914565,Ceacam12,ENSMUSG00000030366,ENSMUSE00001068263,360,2,ENSMUST00000032520,7,1,18067320,18067323,AAGA,GRCm38,79,Mouse,"No crisprs found overlapping insertion site"
MGI:1914334,Ceacam14,ENSMUSG00000023185,ENSMUSE00001021062,360,2,ENSMUST00000023953,7,1,17814209,17814212,AAGA,GRCm38,79,Mouse,"No crisprs found overlapping insertion site"
MGI:1920500,Ceacam5,ENSMUSG00000008789,ENSMUSE00000963353,360,5,ENSMUST00000081907,7,1,17750628,17750631,AAGA,GRCm38,79,Mouse,"No crisprs found overlapping insertion site"
MGI:1920500,Ceacam5,ENSMUSG00000008789,ENSMUSE00000963353,360,5,ENSMUST00000081907,7,1,17750623,17750626,CAGA,GRCm38,79,Mouse,"No crisprs found overlapping insertion site"
MGI:109345,Ctr9,ENSMUSG00000005609,ENSMUSE00001291770,237,9,ENSMUST00000005749,7,1,111043138,111043141,AAGA,GRCm38,79,Mouse,"No crisprs found overlapping insertion site"
MGI:2443697,Nlrp4a,ENSMUSG00000040601,ENSMUSE00001310549,1573,4,ENSMUST00000068767,7,1,26449700,26449703,CAGA,GRCm38,79,Mouse,"No crisprs found overlapping insertion site"
MGI:3030135,Olfr301,ENSMUSG00000061549,ENSMUSE00001285763,957,3,ENSMUST00000174362,7,1,86412655,86412658,CAGA,GRCm38,79,Mouse,"No crisprs found overlapping insertion site"
MGI:3030423,Olfr589,ENSMUSG00000051362,ENSMUSE00000396737,954,1,ENSMUST00000061055,7,-1,103155453,103155456,AAGA,GRCm38,79,Mouse,"No crisprs found overlapping insertion site"
MGI:3030425,Olfr591,ENSMUSG00000057461,ENSMUSE00000516940,945,1,ENSMUST00000074272,7,-1,103173479,103173482,AAGA,GRCm38,79,Mouse,"No crisprs found overlapping insertion site"
MGI:3030452,Olfr618,ENSMUSG00000073945,ENSMUSE00000633134,957,1,ENSMUST00000098197,7,1,103597624,103597627,CAGA,GRCm38,79,Mouse,"No crisprs found overlapping insertion site"
MGI:3030550,Olfr716,ENSMUSG00000073896,ENSMUSE00000632967,1104,1,ENSMUST00000098137,7,1,107147523,107147526,CAGA,GRCm38,79,Mouse,"No crisprs found overlapping insertion site"
MGI:1203729,Pik3c2a,ENSMUSG00000030660,ENSMUSE00000901817,1129,2,ENSMUST00000170430,7,-1,116417743,116417746,CAGA,GRCm38,79,Mouse,"No crisprs found overlapping insertion site"
MGI:3645856,Pnmal2,ENSMUSG00000070802,ENSMUSE00000599735,4147,1,ENSMUST00000094807,7,1,16946021,16946024,AAGA,GRCm38,79,Mouse,"No crisprs found overlapping insertion site"
MGI:3645856,Pnmal2,ENSMUSG00000070802,ENSMUSE00000599735,4147,1,ENSMUST00000094807,7,1,16946030,16946033,AAGA,GRCm38,79,Mouse,"No crisprs found overlapping insertion site"
MGI:3645856,Pnmal2,ENSMUSG00000070802,ENSMUSE00000599735,4147,1,ENSMUST00000094807,7,1,16946045,16946048,AAGA,GRCm38,79,Mouse,"No crisprs found overlapping insertion site"
MGI:3645856,Pnmal2,ENSMUSG00000070802,ENSMUSE00000599735,4147,1,ENSMUST00000094807,7,1,16946036,16946039,AAGA,GRCm38,79,Mouse,"No crisprs found overlapping insertion site"
MGI:2159633,Vmn1r66,ENSMUSG00000043066,ENSMUSE00000338942,1524,1,ENSMUST00000060374,7,-1,10274983,10274986,CAGA,GRCm38,79,Mouse,"No crisprs found overlapping insertion site"
MGI:1923479,Vmn2r29,ENSMUSG00000095730,ENSMUSE00001030763,813,3,ENSMUST00000170922,7,-1,7241760,7241763,AAGA,GRCm38,79,Mouse,"No crisprs found overlapping insertion site"
MGI:1316696,Vmn2r32,ENSMUSG00000096743,ENSMUSE00001082193,813,3,ENSMUST00000094866,7,-1,7474277,7474280,AAGA,GRCm38,79,Mouse,"No crisprs found overlapping insertion site"
MGI:3757866,Vmn2r36,ENSMUSG00000091651,ENSMUSE00000974631,813,3,ENSMUST00000170402,7,-1,7889194,7889197,AAGA,GRCm38,79,Mouse,"No crisprs found overlapping insertion site"
MGI:1316666,Vmn2r42,ENSMUSG00000070844,ENSMUSE00001005981,813,3,ENSMUST00000086282,7,-1,8194505,8194508,AAGA,GRCm38,79,Mouse,"No crisprs found overlapping insertion site"
MGI:3757899,Vmn2r46,ENSMUSG00000090342,ENSMUSE00001009822,813,3,ENSMUST00000171523,7,-1,9764970,9764973,AAGA,GRCm38,79,Mouse,"No crisprs found overlapping insertion site"
MGI:3757933,Vmn2r49,ENSMUSG00000096180,ENSMUSE00001037038,813,3,ENSMUST00000108550,7,-1,9986449,9986452,AAGA,GRCm38,79,Mouse,"No crisprs found overlapping insertion site"
MGI:3757937,Vmn2r51,ENSMUSG00000058685,ENSMUSE00000677141,813,3,ENSMUST00000094863,7,-1,10099996,10099999,AAGA,GRCm38,79,Mouse,"No crisprs found overlapping insertion site"
MGI:3761332,Vmn2r76,ENSMUSG00000091239,ENSMUSE00000874731,807,3,ENSMUST00000165771,7,-1,86229977,86229980,AAGA,GRCm38,79,Mouse,"No crisprs found overlapping insertion site"
MGI:3761332,Vmn2r76,ENSMUSG00000091239,ENSMUSE00000874731,807,3,ENSMUST00000165771,7,-1,86230307,86230310,CAGA,GRCm38,79,Mouse,"No crisprs found overlapping insertion site"
MGI:3761332,Vmn2r76,ENSMUSG00000091239,ENSMUSE00000874731,807,3,ENSMUST00000165771,7,-1,86229986,86229989,AAGA,GRCm38,79,Mouse,"No crisprs found overlapping insertion site"
MGI:1929099,Zfp109,ENSMUSG00000074283,ENSMUSE00000391177,1793,3,ENSMUST00000037448,7,-1,24229493,24229496,CAGA,GRCm38,79,Mouse,"No crisprs found overlapping insertion site"
MGI:2444763,Zfp418,ENSMUSG00000034538,ENSMUSE00000346904,2330,4,ENSMUST00000051435,7,1,7181626,7181629,CAGA,GRCm38,79,Mouse,"No crisprs found overlapping insertion site"
MGI:99207,Zfp60,ENSMUSG00000037640,ENSMUSE00000676346,5535,5,ENSMUST00000108336,7,1,27748372,27748375,AAGA,GRCm38,79,Mouse,"No crisprs found overlapping insertion site"
MGI:99207,Zfp60,ENSMUSG00000037640,ENSMUSE00000676346,5535,5,ENSMUST00000108336,7,1,27748368,27748371,AAGA,GRCm38,79,Mouse,"No crisprs found overlapping insertion site"
MGI:108070,Zik1,ENSMUSG00000030393,ENSMUSE00000289337,3780,4,ENSMUST00000032551,7,-1,10490600,10490603,CAGA,GRCm38,79,Mouse,"No crisprs found overlapping insertion site"
MGI:105984,Adam24,ENSMUSG00000046723,ENSMUSE00000363371,2841,2,ENSMUST00000051614,8,1,40679906,40679909,CAGA,GRCm38,79,Mouse,"No crisprs found overlapping insertion site"
MGI:1921506,Cyld,ENSMUSG00000036712,ENSMUSE00000890403,658,1,ENSMUST00000098519,8,1,88705452,88705455,AAGA,GRCm38,79,Mouse,"No crisprs found overlapping insertion site"
MGI:2384580,Ftsjd1,ENSMUSG00000046441,ENSMUSE00000377819,3447,2,ENSMUST00000056972,8,1,110221882,110221885,AAGA,GRCm38,79,Mouse,"No crisprs found overlapping insertion site"
MGI:3644562,Gm4975,ENSMUSG00000094443,ENSMUSE00001020302,2625,7,ENSMUST00000179944,8,-1,63928931,63928934,CAGA,GRCm38,79,Mouse,"No crisprs found overlapping insertion site"
MGI:1277958,Pcm1,ENSMUSG00000031592,ENSMUSE00000286442,270,4,ENSMUST00000045218,8,1,41259209,41259212,AAGA,GRCm38,79,Mouse,"No crisprs found overlapping insertion site"
MGI:1277958,Pcm1,ENSMUSG00000031592,ENSMUSE00000286403,174,10,ENSMUST00000045218,8,1,41275075,41275078,CAGA,GRCm38,79,Mouse,"No crisprs found overlapping insertion site"
MGI:1277958,Pcm1,ENSMUSG00000031592,ENSMUSE00000286403,174,10,ENSMUST00000045218,8,1,41275099,41275102,AAGA,GRCm38,79,Mouse,"No crisprs found overlapping insertion site"
MGI:1277958,Pcm1,ENSMUSG00000031592,ENSMUSE00000286403,174,10,ENSMUST00000045218,8,1,41275105,41275108,AAGA,GRCm38,79,Mouse,"No crisprs found overlapping insertion site"
MGI:1277958,Pcm1,ENSMUSG00000031592,ENSMUSE00000286403,174,10,ENSMUST00000045218,8,1,41275063,41275066,CAGA,GRCm38,79,Mouse,"No crisprs found overlapping insertion site"
MGI:1934816,Tex15,ENSMUSG00000009628,ENSMUSE00000284732,7035,1,ENSMUST00000009772,8,1,33573092,33573095,CAGA,GRCm38,79,Mouse,"No crisprs found overlapping insertion site"
MGI:1934816,Tex15,ENSMUSG00000009628,ENSMUSE00000284732,7035,1,ENSMUST00000009772,8,1,33570798,33570801,CAGA,GRCm38,79,Mouse,"No crisprs found overlapping insertion site"
MGI:1934816,Tex15,ENSMUSG00000009628,ENSMUSE00000284732,7035,1,ENSMUST00000009772,8,1,33570806,33570809,CAGA,GRCm38,79,Mouse,"No crisprs found overlapping insertion site"
MGI:1934816,Tex15,ENSMUSG00000009628,ENSMUSE00000284732,7035,1,ENSMUST00000009772,8,1,33570802,33570805,CAGA,GRCm38,79,Mouse,"No crisprs found overlapping insertion site"
MGI:1919486,Tsnaxip1,ENSMUSG00000031893,ENSMUSE00000214436,197,6,ENSMUST00000034365,8,1,105840120,105840123,AAGA,GRCm38,79,Mouse,"No crisprs found overlapping insertion site"
MGI:1919486,Tsnaxip1,ENSMUSG00000031893,ENSMUSE00000214436,197,6,ENSMUST00000034365,8,1,105840116,105840119,AAGA,GRCm38,79,Mouse,"No crisprs found overlapping insertion site"
MGI:2384299,Zfp709,ENSMUSG00000056019,ENSMUSE00001326671,3646,4,ENSMUST00000188685,8,1,71889312,71889315,AAGA,GRCm38,79,Mouse,"No crisprs found overlapping insertion site"
MGI:2142546,Zfp868,ENSMUSG00000060427,ENSMUSE00000713162,1599,5,ENSMUST00000121886,8,-1,69612144,69612147,AAGA,GRCm38,79,Mouse,"No crisprs found overlapping insertion site"
MGI:3642748,Zfp882,ENSMUSG00000089857,ENSMUSE00000682325,2894,3,ENSMUST00000110002,8,1,71913653,71913656,AAGA,GRCm38,79,Mouse,"No crisprs found overlapping insertion site"
MGI:2385298,Zfp958,ENSMUSG00000058748,ENSMUSE00000499449,1213,3,ENSMUST00000073201,8,1,4628398,4628401,CAGA,GRCm38,79,Mouse,"No crisprs found overlapping insertion site"
MGI:1913845,Aste1,ENSMUSG00000032567,ENSMUSE00000384013,1314,2,ENSMUST00000035181,9,1,105396743,105396746,CAGA,GRCm38,79,Mouse,"No crisprs found overlapping insertion site"
MGI:1913845,Aste1,ENSMUSG00000032567,ENSMUSE00000384013,1314,2,ENSMUST00000035181,9,1,105396732,105396735,CAGA,GRCm38,79,Mouse,"No crisprs found overlapping insertion site"
MGI:2444630,Dmxl2,ENSMUSG00000041268,ENSMUSE00001257630,694,12,ENSMUST00000118163,9,-1,54446965,54446968,AAGA,GRCm38,79,Mouse,"No crisprs found overlapping insertion site"
MGI:107736,Dync2h1,ENSMUSG00000047193,ENSMUSE00000978774,383,27,ENSMUST00000140466,9,-1,7141178,7141181,AAGA,GRCm38,79,Mouse,"No crisprs found overlapping insertion site"
MGI:1096337,Ephb1,ENSMUSG00000032537,ENSMUSE00000634776,336,5,ENSMUST00000035129,9,-1,102041225,102041228,AAGA,GRCm38,79,Mouse,"No crisprs found overlapping insertion site"
MGI:2443248,Exph5,ENSMUSG00000034584,ENSMUSE00000279059,161,2,ENSMUST00000051014,9,1,53337894,53337897,AAGA,GRCm38,79,Mouse,"No crisprs found overlapping insertion site"
MGI:2443248,Exph5,ENSMUSG00000034584,ENSMUSE00000279059,161,2,ENSMUST00000051014,9,1,53337904,53337907,AAGA,GRCm38,79,Mouse,"No crisprs found overlapping insertion site"
MGI:2443248,Exph5,ENSMUSG00000034584,ENSMUSE00000279059,161,2,ENSMUST00000051014,9,1,53337908,53337911,AAGA,GRCm38,79,Mouse,"No crisprs found overlapping insertion site"
MGI:1924782,Jrkl,ENSMUSG00000079083,ENSMUSE00000684459,2952,1,ENSMUST00000110582,9,-1,13245158,13245161,AAGA,GRCm38,79,Mouse,"No crisprs found overlapping insertion site"
MGI:1916399,Kbtbd3,ENSMUSG00000025893,ENSMUSE00000153932,245,2,ENSMUST00000049648,9,1,4316980,4316983,CAGA,GRCm38,79,Mouse,"No crisprs found overlapping insertion site"
MGI:1916399,Kbtbd3,ENSMUSG00000025893,ENSMUSE00000153932,245,2,ENSMUST00000049648,9,1,4316965,4316968,CAGA,GRCm38,79,Mouse,"No crisprs found overlapping insertion site"
MGI:1916399,Kbtbd3,ENSMUSG00000025893,ENSMUSE00000381688,1873,3,ENSMUST00000049648,9,1,4330370,4330373,AAGA,GRCm38,79,Mouse,"No crisprs found overlapping insertion site"
MGI:3045305,Klhl31,ENSMUSG00000044938,ENSMUSE00000375074,1205,2,ENSMUST00000057781,9,1,77650646,77650649,CAGA,GRCm38,79,Mouse,"No crisprs found overlapping insertion site"
MGI:2142989,Ncapd3,ENSMUSG00000035024,ENSMUSE00000266041,253,12,ENSMUST00000073127,9,1,27051709,27051712,CAGA,GRCm38,79,Mouse,"No crisprs found overlapping insertion site"
MGI:3700744,Nlrp4g,ENSMUSG00000079741,ENSMUSE00001047363,1613,1,ENSMUST00000067621,9,1,124349471,124349474,CAGA,GRCm38,79,Mouse,"No crisprs found overlapping insertion site"
MGI:107605,Npat,ENSMUSG00000033054,ENSMUSE00000276742,1635,13,ENSMUST00000035850,9,1,53562381,53562384,CAGA,GRCm38,79,Mouse,"No crisprs found overlapping insertion site"
MGI:107605,Npat,ENSMUSG00000033054,ENSMUSE00000276742,1635,13,ENSMUST00000035850,9,1,53562365,53562368,AAGA,GRCm38,79,Mouse,"No crisprs found overlapping insertion site"
MGI:3030722,Olfr888,ENSMUSG00000095527,ENSMUSE00001055693,945,1,ENSMUST00000075228,9,1,38108964,38108967,CAGA,GRCm38,79,Mouse,"No crisprs found overlapping insertion site"
MGI:3030722,Olfr888,ENSMUSG00000095527,ENSMUSE00001055693,945,1,ENSMUST00000075228,9,1,38108983,38108986,CAGA,GRCm38,79,Mouse,"No crisprs found overlapping insertion site"
MGI:3030724,Olfr890,ENSMUSG00000096409,ENSMUSE00001086171,945,1,ENSMUST00000079804,9,1,38143432,38143435,CAGA,GRCm38,79,Mouse,"No crisprs found overlapping insertion site"
MGI:3030735,Olfr901,ENSMUSG00000052058,ENSMUSE00000426704,936,1,ENSMUST00000063716,9,1,38430548,38430551,CAGA,GRCm38,79,Mouse,"No crisprs found overlapping insertion site"
MGI:2442104,Ppp2r3a,ENSMUSG00000043154,ENSMUSE00000530664,2432,2,ENSMUST00000075941,9,-1,101212035,101212038,CAGA,GRCm38,79,Mouse,"No crisprs found overlapping insertion site"
MGI:2442104,Ppp2r3a,ENSMUSG00000043154,ENSMUSE00000530664,2432,2,ENSMUST00000075941,9,-1,101212383,101212386,CAGA,GRCm38,79,Mouse,"No crisprs found overlapping insertion site"
MGI:97887,Rdx,ENSMUSG00000032050,ENSMUSE00000584456,275,5,ENSMUST00000000590,9,1,52065747,52065750,CAGA,GRCm38,79,Mouse,"No crisprs found overlapping insertion site"
MGI:97887,Rdx,ENSMUSG00000032050,ENSMUSE00000584456,275,5,ENSMUST00000000590,9,1,52065736,52065739,AAGA,GRCm38,79,Mouse,"No crisprs found overlapping insertion site"
MGI:1918177,Setd2,ENSMUSG00000044791,ENSMUSE00000998185,4286,3,ENSMUST00000153838,9,1,110547374,110547377,CAGA,GRCm38,79,Mouse,"No crisprs found overlapping insertion site"
MGI:1918177,Setd2,ENSMUSG00000044791,ENSMUSE00000998185,4286,3,ENSMUST00000153838,9,1,110547362,110547365,AAGA,GRCm38,79,Mouse,"No crisprs found overlapping insertion site"
MGI:1918177,Setd2,ENSMUSG00000044791,ENSMUSE00000998185,4286,3,ENSMUST00000153838,9,1,110550210,110550213,AAGA,GRCm38,79,Mouse,"No crisprs found overlapping insertion site"
MGI:3779933,Topaz1,ENSMUSG00000094985,ENSMUSE00000991691,2431,2,ENSMUST00000178679,9,1,122748422,122748425,AAGA,GRCm38,79,Mouse,"No crisprs found overlapping insertion site"
MGI:3779933,Topaz1,ENSMUSG00000094985,ENSMUSE00000991691,2431,2,ENSMUST00000178679,9,1,122748746,122748749,AAGA,GRCm38,79,Mouse,"No crisprs found overlapping insertion site"
MGI:99173,Zfp26,ENSMUSG00000063108,ENSMUSE00000852653,5689,10,ENSMUST00000159569,9,-1,20438351,20438354,CAGA,GRCm38,79,Mouse,"No crisprs found overlapping insertion site"
MGI:3045300,4930595M18Rik,ENSMUSG00000060673,ENSMUSE00000384684,744,1,ENSMUST00000080083,X,-1,81457532,81457535,AAGA,GRCm38,79,Mouse,"No crisprs found overlapping insertion site"
MGI:1919595,Amer1,ENSMUSG00000050332,ENSMUSE00000371423,8281,2,ENSMUST00000084535,X,-1,95427339,95427342,AAGA,GRCm38,79,Mouse,"No crisprs found overlapping insertion site"
MGI:1919595,Amer1,ENSMUSG00000050332,ENSMUSE00000371423,8281,2,ENSMUST00000084535,X,-1,95427321,95427324,AAGA,GRCm38,79,Mouse,"No crisprs found overlapping insertion site"
MGI:1919595,Amer1,ENSMUSG00000050332,ENSMUSE00000371423,8281,2,ENSMUST00000084535,X,-1,95427315,95427318,AAGA,GRCm38,79,Mouse,"No crisprs found overlapping insertion site"
MGI:1919595,Amer1,ENSMUSG00000050332,ENSMUSE00000371423,8281,2,ENSMUST00000084535,X,-1,95427303,95427306,AAGA,GRCm38,79,Mouse,"No crisprs found overlapping insertion site"
MGI:1919595,Amer1,ENSMUSG00000050332,ENSMUSE00000371423,8281,2,ENSMUST00000084535,X,-1,95427327,95427330,AAGA,GRCm38,79,Mouse,"No crisprs found overlapping insertion site"
MGI:1919595,Amer1,ENSMUSG00000050332,ENSMUSE00000371423,8281,2,ENSMUST00000084535,X,-1,95427333,95427336,AAGA,GRCm38,79,Mouse,"No crisprs found overlapping insertion site"
MGI:1919595,Amer1,ENSMUSG00000050332,ENSMUSE00000371423,8281,2,ENSMUST00000084535,X,-1,95427309,95427312,AAGA,GRCm38,79,Mouse,"No crisprs found overlapping insertion site"
MGI:103067,Atrx,ENSMUSG00000031229,ENSMUSE00000548296,3014,9,ENSMUST00000113573,X,-1,105876508,105876511,AAGA,GRCm38,79,Mouse,"No crisprs found overlapping insertion site"
MGI:103067,Atrx,ENSMUSG00000031229,ENSMUSE00000548296,3014,9,ENSMUST00000113573,X,-1,105877350,105877353,AAGA,GRCm38,79,Mouse,"No crisprs found overlapping insertion site"
MGI:103067,Atrx,ENSMUSG00000031229,ENSMUSE00000548296,3014,9,ENSMUST00000113573,X,-1,105877356,105877359,CAGA,GRCm38,79,Mouse,"No crisprs found overlapping insertion site"
MGI:103067,Atrx,ENSMUSG00000031229,ENSMUSE00000548296,3014,9,ENSMUST00000113573,X,-1,105877344,105877347,AAGA,GRCm38,79,Mouse,"No crisprs found overlapping insertion site"
MGI:103067,Atrx,ENSMUSG00000031229,ENSMUSE00000548296,3014,9,ENSMUST00000113573,X,-1,105877323,105877326,AAGA,GRCm38,79,Mouse,"No crisprs found overlapping insertion site"
MGI:103067,Atrx,ENSMUSG00000031229,ENSMUSE00000548296,3014,9,ENSMUST00000113573,X,-1,105876503,105876506,AAGA,GRCm38,79,Mouse,"No crisprs found overlapping insertion site"
MGI:2148050,C77370,ENSMUSG00000046449,ENSMUSE00000380699,4375,4,ENSMUST00000087879,X,-1,104086508,104086511,CAGA,GRCm38,79,Mouse,"No crisprs found overlapping insertion site"
MGI:892979,Chm,ENSMUSG00000025531,ENSMUSE00001285647,415,5,ENSMUST00000026607,X,-1,113116137,113116140,CAGA,GRCm38,79,Mouse,"No crisprs found overlapping insertion site"
MGI:1919834,Cul4b,ENSMUSG00000031095,ENSMUSE00001007862,546,4,ENSMUST00000115118,X,-1,38564052,38564055,AAGA,GRCm38,79,Mouse,"No crisprs found overlapping insertion site"
MGI:94909,Dmd,ENSMUSG00000045103,ENSMUSE00000147693,171,26,ENSMUST00000114000,X,1,83813572,83813575,AAGA,GRCm38,79,Mouse,"No crisprs found overlapping insertion site"
MGI:94909,Dmd,ENSMUSG00000045103,ENSMUSE00001283858,182,11,ENSMUST00000114000,X,1,83665136,83665139,CAGA,GRCm38,79,Mouse,"No crisprs found overlapping insertion site"
MGI:1921655,Efhc2,ENSMUSG00000025038,ENSMUSE00000147456,151,3,ENSMUST00000026014,X,-1,17243509,17243512,AAGA,GRCm38,79,Mouse,"No crisprs found overlapping insertion site"
MGI:2654144,Ercc6l,ENSMUSG00000051220,ENSMUSE00000365564,5118,2,ENSMUST00000056904,X,-1,102145401,102145404,AAGA,GRCm38,79,Mouse,"No crisprs found overlapping insertion site"
MGI:88383,F8,ENSMUSG00000031196,ENSMUSE00000264248,172,9,ENSMUST00000033539,X,-1,75331476,75331479,CAGA,GRCm38,79,Mouse,"No crisprs found overlapping insertion site"
MGI:88383,F8,ENSMUSG00000031196,ENSMUSE00000333950,3013,14,ENSMUST00000033539,X,-1,75288296,75288299,AAGA,GRCm38,79,Mouse,"No crisprs found overlapping insertion site"
MGI:88383,F8,ENSMUSG00000031196,ENSMUSE00000333950,3013,14,ENSMUST00000033539,X,-1,75288274,75288277,AAGA,GRCm38,79,Mouse,"No crisprs found overlapping insertion site"
MGI:2448558,Fancb,ENSMUSG00000047757,ENSMUSE00000477209,1017,2,ENSMUST00000167446,X,1,164982717,164982720,AAGA,GRCm38,79,Mouse,"No crisprs found overlapping insertion site"
MGI:3712084,Gm14781,ENSMUSG00000064129,ENSMUSE00000971504,1254,2,ENSMUST00000078469,X,1,91634962,91634965,AAGA,GRCm38,79,Mouse,"No crisprs found overlapping insertion site"
MGI:2685228,Gm382,ENSMUSG00000062791,ENSMUSE00000482444,3889,3,ENSMUST00000096332,X,1,127061158,127061161,CAGA,GRCm38,79,Mouse,"No crisprs found overlapping insertion site"
MGI:2685228,Gm382,ENSMUSG00000062791,ENSMUSE00000482444,3889,3,ENSMUST00000096332,X,1,127061878,127061881,CAGA,GRCm38,79,Mouse,"No crisprs found overlapping insertion site"
MGI:2685226,Hdx,ENSMUSG00000034551,ENSMUSE00001246918,1110,3,ENSMUST00000113422,X,-1,111660490,111660493,CAGA,GRCm38,79,Mouse,"No crisprs found overlapping insertion site"
MGI:2445062,Mum1l1,ENSMUSG00000042515,ENSMUSE00000694064,3835,7,ENSMUST00000113043,X,1,139235370,139235373,AAGA,GRCm38,79,Mouse,"No crisprs found overlapping insertion site"
MGI:109589,Ocrl,ENSMUSG00000001173,ENSMUSE00001295936,188,12,ENSMUST00000001202,X,1,47936416,47936419,AAGA,GRCm38,79,Mouse,"No crisprs found overlapping insertion site"
MGI:3579898,Rhox8,ENSMUSG00000064137,ENSMUSE00000514469,724,2,ENSMUST00000071885,X,-1,37878351,37878354,AAGA,GRCm38,79,Mouse,"No crisprs found overlapping insertion site"
MGI:3579898,Rhox8,ENSMUSG00000064137,ENSMUSE00000514469,724,2,ENSMUST00000071885,X,-1,37878339,37878342,AAGA,GRCm38,79,Mouse,"No crisprs found overlapping insertion site"
MGI:3579898,Rhox8,ENSMUSG00000064137,ENSMUSE00000514469,724,2,ENSMUST00000071885,X,-1,37878327,37878330,AAGA,GRCm38,79,Mouse,"No crisprs found overlapping insertion site"
MGI:3579898,Rhox8,ENSMUSG00000064137,ENSMUSE00000514469,724,2,ENSMUST00000071885,X,-1,37878333,37878336,AAGA,GRCm38,79,Mouse,"No crisprs found overlapping insertion site"
MGI:3579898,Rhox8,ENSMUSG00000064137,ENSMUSE00000514469,724,2,ENSMUST00000071885,X,-1,37878345,37878348,AAGA,GRCm38,79,Mouse,"No crisprs found overlapping insertion site"
MGI:1277953,Rp2h,ENSMUSG00000060090,ENSMUSE00001256569,666,2,ENSMUST00000033372,X,1,20376972,20376975,AAGA,GRCm38,79,Mouse,"No crisprs found overlapping insertion site"
MGI:1344345,Smc1a,ENSMUSG00000041133,ENSMUSE00001217712,204,4,ENSMUST00000045312,X,1,152026362,152026365,AAGA,GRCm38,79,Mouse,"No crisprs found overlapping insertion site"
MGI:1345185,Tenm1,ENSMUSG00000016150,ENSMUSE00000327632,262,17,ENSMUST00000115059,X,-1,42689004,42689007,CAGA,GRCm38,79,Mouse,"No crisprs found overlapping insertion site"
MGI:1928994,Tro,ENSMUSG00000025272,ENSMUSE00001008086,1626,3,ENSMUST00000112709,X,-1,150654754,150654757,CAGA,GRCm38,79,Mouse,"No crisprs found overlapping insertion site"
MGI:1928994,Tro,ENSMUSG00000025272,ENSMUSE00001008086,1626,3,ENSMUST00000112709,X,-1,150654456,150654459,CAGA,GRCm38,79,Mouse,"No crisprs found overlapping insertion site"
MGI:1928994,Tro,ENSMUSG00000025272,ENSMUSE00001008086,1626,3,ENSMUST00000112709,X,-1,150654460,150654463,CAGA,GRCm38,79,Mouse,"No crisprs found overlapping insertion site"
MGI:3643045,Vmn2r121,ENSMUSG00000072049,ENSMUSE00000546858,283,2,ENSMUST00000094491,X,-1,124133665,124133668,AAGA,GRCm38,79,Mouse,"No crisprs found overlapping insertion site"
MGI:1919654,Wdr44,ENSMUSG00000036769,ENSMUSE00000656526,646,4,ENSMUST00000035766,X,1,23756645,23756648,AAGA,GRCm38,79,Mouse,"No crisprs found overlapping insertion site"
MGI:1927290,Zbtb33,ENSMUSG00000048047,ENSMUSE00000347165,4832,2,ENSMUST00000049740,X,1,38192760,38192763,AAGA,GRCm38,79,Mouse,"No crisprs found overlapping insertion site"
MGI:1927290,Zbtb33,ENSMUSG00000048047,ENSMUSE00000347165,4832,2,ENSMUST00000049740,X,1,38192779,38192782,CAGA,GRCm38,79,Mouse,"No crisprs found overlapping insertion site"
MGI:1927290,Zbtb33,ENSMUSG00000048047,ENSMUSE00000347165,4832,2,ENSMUST00000049740,X,1,38192743,38192746,AAGA,GRCm38,79,Mouse,"No crisprs found overlapping insertion site"
MGI:99780,Kdm5d,ENSMUSG00000056673,ENSMUSE00000568655,164,7,ENSMUST00000055032,Y,1,910767,910770,CAGA,GRCm38,79,Mouse,"No crisprs found overlapping insertion site"
MGI:1313274,Usp9y,ENSMUSG00000069044,ENSMUSE00000626488,252,10,ENSMUST00000091188,Y,-1,1434930,1434933,AAGA,GRCm38,79,Mouse,"No crisprs found overlapping insertion site"
MGI:894810,Uty,ENSMUSG00000068457,ENSMUSE00001232923,728,15,ENSMUST00000069309,Y,-1,1158361,1158364,AAGA,GRCm38,79,Mouse,"No crisprs found overlapping insertion site"
MGI:894810,Uty,ENSMUSG00000068457,ENSMUSE00001232923,728,15,ENSMUST00000069309,Y,-1,1158337,1158340,CAGA,GRCm38,79,Mouse,"No crisprs found overlapping insertion site"
MGI:99212,Zfy1,ENSMUSG00000053211,ENSMUSE00001015775,552,4,ENSMUST00000189888,Y,-1,738960,738963,AAGA,GRCm38,79,Mouse,"No crisprs found overlapping insertion site"
MGI:99212,Zfy1,ENSMUSG00000053211,ENSMUSE00001015775,552,4,ENSMUST00000189888,Y,-1,738954,738957,CAGA,GRCm38,79,Mouse,"No crisprs found overlapping insertion site"
MGI:99213,Zfy2,ENSMUSG00000000103,ENSMUSE00000984092,552,4,ENSMUST00000187148,Y,-1,2121641,2121644,CAGA,GRCm38,79,Mouse,"No crisprs found overlapping insertion site"
MGI:99213,Zfy2,ENSMUSG00000000103,ENSMUSE00000984092,552,4,ENSMUST00000187148,Y,-1,2121647,2121650,AAGA,GRCm38,79,Mouse,"No crisprs found overlapping insertion site"
