gene_id,marker_symbol,ensembl_gene_id,ensembl_exon_id,exon_size,exon_rank,canonical_transcript,chr_name,chr_strand,ins_start,ins_end,ins_seq,assembly,build,species,fail_reason
HGNC:39,ABCA9,ENSG00000154258,ENSE00003499236,165,4,ENST00000340001,17,-1,69045260,69045263,GAGA,GRCh38,79,Human,"No crisprs found overlapping insertion site"
HGNC:14638,ABCA13,ENSG00000179869,ENSE00001259713,4779,17,ENST00000435803,7,1,48273668,48273671,TAGA,GRCh38,79,Human,"No crisprs found overlapping insertion site"
HGNC:14638,ABCA13,ENSG00000179869,ENSE00001259713,4779,17,ENST00000435803,7,1,48276437,48276440,GAGA,GRCh38,79,Human,"No crisprs found overlapping insertion site"
HGNC:14638,ABCA13,ENSG00000179869,ENSE00001259713,4779,17,ENST00000435803,7,1,48273649,48273652,GAGA,GRCh38,79,Human,"No crisprs found overlapping insertion site"
HGNC:20293,ABHD13,ENSG00000139826,ENSE00001468760,5057,2,ENST00000375898,13,1,108229718,108229721,TAGA,GRCh38,79,Human,"No crisprs found overlapping insertion site"
HGNC:26504,AGBL1,ENSG00000166748,ENSE00003580265,581,10,ENST00000441037,15,1,86264655,86264658,TAGA,GRCh38,79,Human,"No crisprs found overlapping insertion site"
HGNC:356,AIM1,ENSG00000112297,ENSE00002704204,2323,2,ENST00000369066,6,1,106520907,106520910,GAGA,GRCh38,79,Human,"No crisprs found overlapping insertion site"
HGNC:356,AIM1,ENSG00000112297,ENSE00002704204,2323,2,ENST00000369066,6,1,106520913,106520916,GAGA,GRCh38,79,Human,"No crisprs found overlapping insertion site"
HGNC:356,AIM1,ENSG00000112297,ENSE00002704204,2323,2,ENST00000369066,6,1,106520918,106520921,TAGA,GRCh38,79,Human,"No crisprs found overlapping insertion site"
HGNC:379,AKAP9,ENSG00000127914,ENSE00003484877,2388,8,ENST00000356239,7,1,92001476,92001479,TAGA,GRCh38,79,Human,"No crisprs found overlapping insertion site"
HGNC:379,AKAP9,ENSG00000127914,ENSE00003484877,2388,8,ENST00000356239,7,1,92002204,92002207,GAGA,GRCh38,79,Human,"No crisprs found overlapping insertion site"
HGNC:379,AKAP9,ENSG00000127914,ENSE00003484877,2388,8,ENST00000356239,7,1,92002243,92002246,GAGA,GRCh38,79,Human,"No crisprs found overlapping insertion site"
HGNC:20917,ALPK1,ENSG00000073331,ENSE00003467293,2134,11,ENST00000458497,4,1,112431046,112431049,TAGA,GRCh38,79,Human,"No crisprs found overlapping insertion site"
HGNC:20565,ALPK2,ENSG00000198796,ENSE00001275742,3391,5,ENST00000361673,18,-1,58537576,58537579,GAGA,GRCh38,79,Human,"No crisprs found overlapping insertion site"
HGNC:14438,ALS2CR11,ENSG00000155754,ENSE00001778001,3591,15,ENST00000439140,2,-1,201493849,201493852,GAGA,GRCh38,79,Human,"No crisprs found overlapping insertion site"
HGNC:21316,ANKRD11,ENSG00000167522,ENSE00003474344,6578,9,ENST00000301030,16,-1,89284382,89284385,GAGA,GRCh38,79,Human,"No crisprs found overlapping insertion site"
HGNC:29135,ANKRD12,ENSG00000101745,ENSE00001018057,4721,9,ENST00000262126,18,1,9256342,9256345,TAGA,GRCh38,79,Human,"No crisprs found overlapping insertion site"
HGNC:29135,ANKRD12,ENSG00000101745,ENSE00001018057,4721,9,ENST00000262126,18,1,9256338,9256341,TAGA,GRCh38,79,Human,"No crisprs found overlapping insertion site"
HGNC:29135,ANKRD12,ENSG00000101745,ENSE00001018057,4721,9,ENST00000262126,18,1,9256356,9256359,GAGA,GRCh38,79,Human,"No crisprs found overlapping insertion site"
HGNC:29223,ANKRD50,ENSG00000151458,ENSE00000999699,3551,4,ENST00000504087,4,-1,124672453,124672456,TAGA,GRCh38,79,Human,"No crisprs found overlapping insertion site"
HGNC:14004,ANO3,ENSG00000134343,ENSE00003674585,159,5,ENST00000256737,11,1,26508181,26508184,TAGA,GRCh38,79,Human,"No crisprs found overlapping insertion site"
HGNC:25519,ANO10,ENSG00000160746,ENSE00001054142,135,4,ENST00000292246,3,-1,43598596,43598599,TAGA,GRCh38,79,Human,"No crisprs found overlapping insertion site"
HGNC:583,APC,ENSG00000134982,ENSE00000972230,8687,16,ENST00000257430,5,1,112838346,112838349,GAGA,GRCh38,79,Human,"No crisprs found overlapping insertion site"
HGNC:603,APOB,ENSG00000084674,ENSE00001183453,7572,26,ENST00000233242,2,-1,21010386,21010389,TAGA,GRCh38,79,Human,"No crisprs found overlapping insertion site"
HGNC:16924,ARAP2,ENSG00000047365,ENSE00003480890,354,6,ENST00000303965,4,-1,36210621,36210624,TAGA,GRCh38,79,Human,"No crisprs found overlapping insertion site"
HGNC:675,ARHGAP5,ENSG00000100852,ENSE00001373799,3885,2,ENST00000345122,14,1,32090786,32090789,TAGA,GRCh38,79,Human,"No crisprs found overlapping insertion site"
HGNC:30207,ARHGAP29,ENSG00000137962,ENSE00000932147,189,11,ENST00000260526,1,-1,94202666,94202669,GAGA,GRCh38,79,Human,"No crisprs found overlapping insertion site"
HGNC:30207,ARHGAP29,ENSG00000137962,ENSE00000932146,138,12,ENST00000260526,1,-1,94201790,94201793,TAGA,GRCh38,79,Human,"No crisprs found overlapping insertion site"
HGNC:14103,ARHGEF10,ENSG00000104728,ENSE00003612713,171,16,ENST00000349830,8,1,1903382,1903385,GAGA,GRCh38,79,Human,"No crisprs found overlapping insertion site"
HGNC:24910,ASNSD1,ENSG00000138381,ENSE00000883215,1556,4,ENST00000260952,2,1,189666397,189666400,GAGA,GRCh38,79,Human,"No crisprs found overlapping insertion site"
HGNC:19048,ASPM,ENSG00000066279,ENSE00001277916,1480,3,ENST00000367409,1,-1,197142459,197142462,GAGA,GRCh38,79,Human,"No crisprs found overlapping insertion site"
HGNC:19048,ASPM,ENSG00000066279,ENSE00001277893,4755,18,ENST00000367409,1,-1,197104568,197104571,TAGA,GRCh38,79,Human,"No crisprs found overlapping insertion site"
HGNC:19048,ASPM,ENSG00000066279,ENSE00001067766,195,17,ENST00000367409,1,-1,197117915,197117918,GAGA,GRCh38,79,Human,"No crisprs found overlapping insertion site"
HGNC:20092,ATF7IP,ENSG00000171681,ENSE00003503763,1565,2,ENST00000544627,12,1,14424970,14424973,TAGA,GRCh38,79,Human,"No crisprs found overlapping insertion site"
HGNC:20092,ATF7IP,ENSG00000171681,ENSE00003503763,1565,2,ENST00000544627,12,1,14425135,14425138,TAGA,GRCh38,79,Human,"No crisprs found overlapping insertion site"
HGNC:20397,ATF7IP2,ENSG00000166669,ENSE00001525464,845,3,ENST00000396560,16,1,10430876,10430879,GAGA,GRCh38,79,Human,"No crisprs found overlapping insertion site"
HGNC:882,ATR,ENSG00000175054,ENSE00001229413,195,15,ENST00000350721,3,-1,142549568,142549571,GAGA,GRCh38,79,Human,"No crisprs found overlapping insertion site"
HGNC:882,ATR,ENSG00000175054,ENSE00001229465,191,7,ENST00000350721,3,-1,142559339,142559342,TAGA,GRCh38,79,Human,"No crisprs found overlapping insertion site"
HGNC:963,BAZ2B,ENSG00000123636,ENSE00003552088,141,21,ENST00000392783,2,-1,159389421,159389424,TAGA,GRCh38,79,Human,"No crisprs found overlapping insertion site"
HGNC:989,BCL10,ENSG00000142867,ENSE00000956833,289,2,ENST00000370580,1,-1,85270817,85270820,TAGA,GRCh38,79,Human,"No crisprs found overlapping insertion site"
HGNC:1058,BLM,ENSG00000197299,ENSE00001316594,701,3,ENST00000355112,15,1,90749838,90749841,GAGA,GRCh38,79,Human,"No crisprs found overlapping insertion site"
HGNC:31792,BOD1L1,ENSG00000038219,ENSE00001796707,6139,10,ENST00000040738,4,-1,13604415,13604418,GAGA,GRCh38,79,Human,"No crisprs found overlapping insertion site"
HGNC:31792,BOD1L1,ENSG00000038219,ENSE00001796707,6139,10,ENST00000040738,4,-1,13603180,13603183,TAGA,GRCh38,79,Human,"No crisprs found overlapping insertion site"
HGNC:31792,BOD1L1,ENSG00000038219,ENSE00001796707,6139,10,ENST00000040738,4,-1,13604181,13604184,GAGA,GRCh38,79,Human,"No crisprs found overlapping insertion site"
HGNC:3581,BPTF,ENSG00000171634,ENSE00002506993,204,4,ENST00000306378,17,1,67874900,67874903,GAGA,GRCh38,79,Human,"No crisprs found overlapping insertion site"
HGNC:3581,BPTF,ENSG00000171634,ENSE00002506993,204,4,ENST00000306378,17,1,67874906,67874909,GAGA,GRCh38,79,Human,"No crisprs found overlapping insertion site"
HGNC:1101,BRCA2,ENSG00000139618,ENSE00000939168,4932,11,ENST00000380152,13,1,32339218,32339221,TAGA,GRCh38,79,Human,"No crisprs found overlapping insertion site"
HGNC:1101,BRCA2,ENSG00000139618,ENSE00000939168,4932,11,ENST00000380152,13,1,32338179,32338182,TAGA,GRCh38,79,Human,"No crisprs found overlapping insertion site"
HGNC:1101,BRCA2,ENSG00000139618,ENSE00000939168,4932,11,ENST00000380152,13,1,32338297,32338300,GAGA,GRCh38,79,Human,"No crisprs found overlapping insertion site"
HGNC:17307,BTAF1,ENSG00000095564,ENSE00001092243,427,20,ENST00000265990,10,1,91989391,91989394,GAGA,GRCh38,79,Human,"No crisprs found overlapping insertion site"
HGNC:18269,BTBD7,ENSG00000011114,ENSE00001596176,1080,3,ENST00000334746,14,-1,93294586,93294589,TAGA,GRCh38,79,Human,"No crisprs found overlapping insertion site"
HGNC:13862,BTG4,ENSG00000137707,ENSE00001284238,199,2,ENST00000356018,11,-1,111498694,111498697,TAGA,GRCh38,79,Human,"No crisprs found overlapping insertion site"
HGNC:23420,C10orf12,ENSG00000155640,ENSE00001021974,4929,1,ENST00000286067,10,1,96981543,96981546,TAGA,GRCh38,79,Human,"No crisprs found overlapping insertion site"
HGNC:29188,CAMSAP2,ENSG00000118200,ENSE00002248396,162,3,ENST00000236925,1,1,200807437,200807440,TAGA,GRCh38,79,Human,"No crisprs found overlapping insertion site"
HGNC:30688,CAND1,ENSG00000111530,ENSE00003495560,257,5,ENST00000545606,12,1,67297550,67297553,TAGA,GRCh38,79,Human,"No crisprs found overlapping insertion site"
HGNC:30370,CCDC18,ENSG00000122483,ENSE00003549286,292,9,ENST00000401026,1,1,93207217,93207220,TAGA,GRCh38,79,Human,"No crisprs found overlapping insertion site"
HGNC:30370,CCDC18,ENSG00000122483,ENSE00003549286,292,9,ENST00000401026,1,1,93207229,93207232,TAGA,GRCh38,79,Human,"No crisprs found overlapping insertion site"
HGNC:30370,CCDC18,ENSG00000122483,ENSE00003549286,292,9,ENST00000401026,1,1,93207197,93207200,TAGA,GRCh38,79,Human,"No crisprs found overlapping insertion site"
HGNC:37286,CCDC160,ENSG00000203952,ENSE00002099322,1431,3,ENST00000517294,X,1,134245039,134245042,GAGA,GRCh38,79,Human,"No crisprs found overlapping insertion site"
HGNC:37286,CCDC160,ENSG00000203952,ENSE00002099322,1431,3,ENST00000517294,X,1,134245049,134245052,GAGA,GRCh38,79,Human,"No crisprs found overlapping insertion site"
HGNC:26851,CCDC168,ENSG00000175820,ENSE00001224565,21020,4,ENST00000322527,13,-1,102750034,102750037,TAGA,GRCh38,79,Human,"No crisprs found overlapping insertion site"
HGNC:26851,CCDC168,ENSG00000175820,ENSE00001224565,21020,4,ENST00000322527,13,-1,102744553,102744556,TAGA,GRCh38,79,Human,"No crisprs found overlapping insertion site"
HGNC:30524,CCDC172,ENSG00000182645,ENSE00001299071,166,5,ENST00000333254,10,1,116342127,116342130,GAGA,GRCh38,79,Human,"No crisprs found overlapping insertion site"
HGNC:29588,CCDC178,ENSG00000166960,ENSE00003654283,221,10,ENST00000383096,18,-1,33333295,33333298,TAGA,GRCh38,79,Human,"No crisprs found overlapping insertion site"
HGNC:1744,CDC6,ENSG00000094804,ENSE00001118359,282,3,ENST00000209728,17,1,40291264,40291267,GAGA,GRCh38,79,Human,"No crisprs found overlapping insertion site"
HGNC:1768,CDH9,ENSG00000113100,ENSE00003569244,295,3,ENST00000231021,5,-1,26915797,26915800,GAGA,GRCh38,79,Human,"No crisprs found overlapping insertion site"
HGNC:1856,CENPE,ENSG00000138778,ENSE00000970101,273,23,ENST00000265148,4,-1,103158723,103158726,TAGA,GRCh38,79,Human,"No crisprs found overlapping insertion site"
HGNC:1856,CENPE,ENSG00000138778,ENSE00000970105,291,27,ENST00000265148,4,-1,103149323,103149326,TAGA,GRCh38,79,Human,"No crisprs found overlapping insertion site"
HGNC:29264,CEP126,ENSG00000110318,ENSE00003644338,2140,6,ENST00000263468,11,1,101961982,101961985,TAGA,GRCh38,79,Human,"No crisprs found overlapping insertion site"
HGNC:29086,CEP135,ENSG00000174799,ENSE00001414480,168,4,ENST00000257287,4,1,55954311,55954314,GAGA,GRCh38,79,Human,"No crisprs found overlapping insertion site"
HGNC:29086,CEP135,ENSG00000174799,ENSE00003543427,224,11,ENST00000257287,4,1,55974857,55974860,GAGA,GRCh38,79,Human,"No crisprs found overlapping insertion site"
HGNC:29298,CEP152,ENSG00000103995,ENSE00000931325,148,10,ENST00000380950,15,-1,48784039,48784042,GAGA,GRCh38,79,Human,"No crisprs found overlapping insertion site"
HGNC:24537,CHMP2B,ENSG00000083937,ENSE00003711959,195,3,ENST00000263780,3,1,87245806,87245809,GAGA,GRCh38,79,Human,"No crisprs found overlapping insertion site"
HGNC:26877,CKAP2L,ENSG00000169607,ENSE00003546195,1238,4,ENST00000302450,2,-1,112756812,112756815,GAGA,GRCh38,79,Human,"No crisprs found overlapping insertion site"
HGNC:10461,CLIP1,ENSG00000130779,ENSE00000939790,945,11,ENST00000620786,12,-1,122341198,122341201,TAGA,GRCh38,79,Human,"No crisprs found overlapping insertion site"
HGNC:10461,CLIP1,ENSG00000130779,ENSE00000939790,945,11,ENST00000620786,12,-1,122341213,122341216,TAGA,GRCh38,79,Human,"No crisprs found overlapping insertion site"
HGNC:10461,CLIP1,ENSG00000130779,ENSE00000939790,945,11,ENST00000620786,12,-1,122341203,122341206,GAGA,GRCh38,79,Human,"No crisprs found overlapping insertion site"
HGNC:2088,CLPX,ENSG00000166855,ENSE00003492161,160,5,ENST00000300107,15,-1,65164102,65164105,GAGA,GRCh38,79,Human,"No crisprs found overlapping insertion site"
HGNC:25635,CMTR2,ENSG00000180917,ENSE00001515730,4551,3,ENST00000338099,16,-1,71284803,71284806,TAGA,GRCh38,79,Human,"No crisprs found overlapping insertion site"
HGNC:19701,CNKSR2,ENSG00000149970,ENSE00003644498,212,11,ENST00000379510,X,1,21531967,21531970,GAGA,GRCh38,79,Human,"No crisprs found overlapping insertion site"
HGNC:26674,COL6A5,ENSG00000172752,ENSE00001557802,576,7,ENST00000265379,3,1,130391683,130391686,TAGA,GRCh38,79,Human,"No crisprs found overlapping insertion site"
HGNC:19291,CSMD3,ENSG00000164796,ENSE00003541532,223,2,ENST00000297405,8,-1,113314634,113314637,TAGA,GRCh38,79,Human,"No crisprs found overlapping insertion site"
HGNC:24346,CTAGE1,ENSG00000212710,ENSE00001732514,4313,1,ENST00000391403,18,-1,22417436,22417439,GAGA,GRCh38,79,Human,"No crisprs found overlapping insertion site"
HGNC:24346,CTAGE1,ENSG00000212710,ENSE00001732514,4313,1,ENST00000391403,18,-1,22417456,22417459,TAGA,GRCh38,79,Human,"No crisprs found overlapping insertion site"
HGNC:7057,CTAGE5,ENSG00000150527,ENSE00003577580,139,13,ENST00000396158,14,1,39308514,39308517,GAGA,GRCh38,79,Human,"No crisprs found overlapping insertion site"
HGNC:2553,CUL3,ENSG00000036257,ENSE00000786388,229,6,ENST00000264414,2,-1,224511500,224511503,TAGA,GRCh38,79,Human,"No crisprs found overlapping insertion site"
HGNC:2553,CUL3,ENSG00000036257,ENSE00000786388,229,6,ENST00000264414,2,-1,224511517,224511520,TAGA,GRCh38,79,Human,"No crisprs found overlapping insertion site"
HGNC:2555,CUL4B,ENSG00000158290,ENSE00003547807,543,3,ENST00000404115,X,-1,120560472,120560475,GAGA,GRCh38,79,Human,"No crisprs found overlapping insertion site"
HGNC:2555,CUL4B,ENSG00000158290,ENSE00003547807,543,3,ENST00000404115,X,-1,120560476,120560479,GAGA,GRCh38,79,Human,"No crisprs found overlapping insertion site"
HGNC:25667,CXorf21,ENSG00000120280,ENSE00001479394,1533,3,ENST00000378962,X,-1,30560141,30560144,GAGA,GRCh38,79,Human,"No crisprs found overlapping insertion site"
HGNC:2652,CYP7B1,ENSG00000172817,ENSE00001201335,591,3,ENST00000310193,8,-1,64615900,64615903,GAGA,GRCh38,79,Human,"No crisprs found overlapping insertion site"
HGNC:2652,CYP7B1,ENSG00000172817,ENSE00001201335,591,3,ENST00000310193,8,-1,64616182,64616185,TAGA,GRCh38,79,Human,"No crisprs found overlapping insertion site"
HGNC:30002,DCAF6,ENSG00000143164,ENSE00002315145,215,7,ENST00000367840,1,1,167993336,167993339,GAGA,GRCh38,79,Human,"No crisprs found overlapping insertion site"
HGNC:2901,DLG2,ENSG00000150672,ENSE00001469381,146,4,ENST00000376104,11,-1,85285302,85285305,TAGA,GRCh38,79,Human,"No crisprs found overlapping insertion site"
HGNC:2950,DNAH5,ENSG00000039139,ENSE00000970972,239,27,ENST00000265104,5,-1,13865752,13865755,TAGA,GRCh38,79,Human,"No crisprs found overlapping insertion site"
HGNC:3054,DSPP,ENSG00000152591,ENSE00001537278,3089,5,ENST00000399271,4,1,87614550,87614553,GAGA,GRCh38,79,Human,"No crisprs found overlapping insertion site"
HGNC:37261,DTHD1,ENSG00000197057,ENSE00001712526,570,1,ENST00000456874,4,1,36284443,36284446,GAGA,GRCh38,79,Human,"No crisprs found overlapping insertion site"
HGNC:24204,EFCAB6,ENSG00000186976,ENSE00003643343,212,4,ENST00000262726,22,-1,43772955,43772958,GAGA,GRCh38,79,Human,"No crisprs found overlapping insertion site"
HGNC:29144,EHBP1,ENSG00000115504,ENSE00000962865,140,7,ENST00000263991,2,1,62831081,62831084,TAGA,GRCh38,79,Human,"No crisprs found overlapping insertion site"
HGNC:24921,EIF2AK1,ENSG00000086232,ENSE00003676603,134,3,ENST00000199389,7,-1,6049972,6049975,GAGA,GRCh38,79,Human,"No crisprs found overlapping insertion site"
HGNC:19876,EPC1,ENSG00000120616,ENSE00002510486,149,5,ENST00000263062,10,-1,32292565,32292568,TAGA,GRCh38,79,Human,"No crisprs found overlapping insertion site"
HGNC:23994,ERI1,ENSG00000104626,ENSE00003661393,211,4,ENST00000523898,8,1,9011609,9011612,GAGA,GRCh38,79,Human,"No crisprs found overlapping insertion site"
HGNC:27230,ESCO2,ENSG00000171320,ENSE00003535814,808,3,ENST00000305188,8,1,27776623,27776626,TAGA,GRCh38,79,Human,"No crisprs found overlapping insertion site"
HGNC:24648,ETAA1,ENSG00000143971,ENSE00000963004,2111,5,ENST00000272342,2,1,67404043,67404046,GAGA,GRCh38,79,Human,"No crisprs found overlapping insertion site"
HGNC:17085,EXOC6B,ENSG00000144036,ENSE00003536755,177,7,ENST00000272427,2,-1,72575562,72575565,TAGA,GRCh38,79,Human,"No crisprs found overlapping insertion site"
HGNC:17085,EXOC6B,ENSG00000144036,ENSE00003536755,177,7,ENST00000272427,2,-1,72575566,72575569,GAGA,GRCh38,79,Human,"No crisprs found overlapping insertion site"
HGNC:28773,FAM35A,ENSG00000122376,ENSE00001142809,1530,3,ENST00000298784,10,1,87151603,87151606,TAGA,GRCh38,79,Human,"No crisprs found overlapping insertion site"
HGNC:26748,FAM133A,ENSG00000179083,ENSE00001282705,2958,3,ENST00000322139,X,1,93709672,93709675,GAGA,GRCh38,79,Human,"No crisprs found overlapping insertion site"
HGNC:20991,FAM184A,ENSG00000111879,ENSE00003529269,855,2,ENST00000338891,6,-1,119024707,119024710,GAGA,GRCh38,79,Human,"No crisprs found overlapping insertion site"
HGNC:27740,FAM200B,ENSG00000237765,ENSE00003723678,4204,2,ENST00000622362,4,1,15687455,15687458,GAGA,GRCh38,79,Human,"No crisprs found overlapping insertion site"
HGNC:25794,FAM204A,ENSG00000165669,ENSE00003639330,242,3,ENST00000369183,10,-1,118336273,118336276,TAGA,GRCh38,79,Human,"No crisprs found overlapping insertion site"
HGNC:21362,FAM217A,ENSG00000145975,ENSE00001936540,1559,7,ENST00000274673,6,-1,4069595,4069598,GAGA,GRCh38,79,Human,"No crisprs found overlapping insertion site"
HGNC:23168,FANCM,ENSG00000187790,ENSE00001343725,185,9,ENST00000267430,14,1,45159156,45159159,GAGA,GRCh38,79,Human,"No crisprs found overlapping insertion site"
HGNC:26150,FASTKD1,ENSG00000138399,ENSE00002174691,399,5,ENST00000453153,2,-1,169560632,169560635,TAGA,GRCh38,79,Human,"No crisprs found overlapping insertion site"
HGNC:3595,FAT1,ENSG00000083857,ENSE00001016648,276,8,ENST00000441802,4,-1,186628596,186628599,TAGA,GRCh38,79,Human,"No crisprs found overlapping insertion site"
HGNC:13584,FBXO5,ENSG00000112029,ENSE00003610080,715,2,ENST00000229758,6,-1,152975324,152975327,TAGA,GRCh38,79,Human,"No crisprs found overlapping insertion site"
HGNC:21675,FSIP2,ENSG00000188738,ENSE00001673712,8884,16,ENST00000343098,2,1,185789433,185789436,TAGA,GRCh38,79,Human,"No crisprs found overlapping insertion site"
HGNC:21675,FSIP2,ENSG00000188738,ENSE00001673712,8884,16,ENST00000343098,2,1,185789447,185789450,GAGA,GRCh38,79,Human,"No crisprs found overlapping insertion site"
HGNC:21675,FSIP2,ENSG00000188738,ENSE00001673712,8884,16,ENST00000343098,2,1,185789426,185789429,GAGA,GRCh38,79,Human,"No crisprs found overlapping insertion site"
HGNC:21675,FSIP2,ENSG00000188738,ENSE00001673712,8884,16,ENST00000343098,2,1,185790159,185790162,TAGA,GRCh38,79,Human,"No crisprs found overlapping insertion site"
HGNC:21675,FSIP2,ENSG00000188738,ENSE00001673712,8884,16,ENST00000343098,2,1,185795763,185795766,TAGA,GRCh38,79,Human,"No crisprs found overlapping insertion site"
HGNC:21675,FSIP2,ENSG00000188738,ENSE00001673712,8884,16,ENST00000343098,2,1,185792316,185792319,TAGA,GRCh38,79,Human,"No crisprs found overlapping insertion site"
HGNC:21675,FSIP2,ENSG00000188738,ENSE00001673712,8884,16,ENST00000343098,2,1,185789462,185789465,GAGA,GRCh38,79,Human,"No crisprs found overlapping insertion site"
HGNC:23218,GCC2,ENSG00000135968,ENSE00003506460,2466,6,ENST00000309863,2,1,108470653,108470656,GAGA,GRCh38,79,Human,"No crisprs found overlapping insertion site"
HGNC:4291,GK2,ENSG00000196475,ENSE00001407062,1942,1,ENST00000358842,4,-1,79407981,79407984,GAGA,GRCh38,79,Human,"No crisprs found overlapping insertion site"
HGNC:4427,GOLGA4,ENSG00000144674,ENSE00001303935,4238,15,ENST00000356847,3,1,37323943,37323946,TAGA,GRCh38,79,Human,"No crisprs found overlapping insertion site"
HGNC:4427,GOLGA4,ENSG00000144674,ENSE00001303935,4238,15,ENST00000356847,3,1,37323913,37323916,TAGA,GRCh38,79,Human,"No crisprs found overlapping insertion site"
HGNC:4429,GOLGB1,ENSG00000173230,ENSE00003598167,5189,13,ENST00000393667,3,-1,121696223,121696226,GAGA,GRCh38,79,Human,"No crisprs found overlapping insertion site"
HGNC:17643,GOPC,ENSG00000047932,ENSE00000762781,176,4,ENST00000368498,6,-1,117575278,117575281,GAGA,GRCh38,79,Human,"No crisprs found overlapping insertion site"
HGNC:17643,GOPC,ENSG00000047932,ENSE00000762781,176,4,ENST00000368498,6,-1,117575271,117575274,GAGA,GRCh38,79,Human,"No crisprs found overlapping insertion site"
HGNC:4574,GRIA4,ENSG00000152578,ENSE00003485621,185,5,ENST00000282499,11,1,105862129,105862132,TAGA,GRCh38,79,Human,"No crisprs found overlapping insertion site"
HGNC:21535,GTPBP4,ENSG00000107937,ENSE00003673867,171,2,ENST00000360803,10,1,992584,992587,GAGA,GRCh38,79,Human,"No crisprs found overlapping insertion site"
HGNC:5006,HMGCR,ENSG00000113161,ENSE00000753589,248,10,ENST00000287936,5,1,75351153,75351156,GAGA,GRCh38,79,Human,"No crisprs found overlapping insertion site"
HGNC:5237,HSPA4,ENSG00000170606,ENSE00003480446,245,7,ENST00000304858,5,1,133076801,133076804,GAGA,GRCh38,79,Human,"No crisprs found overlapping insertion site"
HGNC:29154,ICE1,ENSG00000164151,ENSE00001225283,4791,13,ENST00000296564,5,1,5460661,5460664,GAGA,GRCh38,79,Human,"No crisprs found overlapping insertion site"
HGNC:17817,IFI44L,ENSG00000137959,ENSE00000932015,488,2,ENST00000370751,1,1,78628292,78628295,GAGA,GRCh38,79,Human,"No crisprs found overlapping insertion site"
HGNC:18873,IFIH1,ENSG00000115267,ENSE00001073453,218,7,ENST00000263642,2,-1,162281442,162281445,TAGA,GRCh38,79,Human,"No crisprs found overlapping insertion site"
HGNC:5433,IFNAR2,ENSG00000159110,ENSE00003542940,169,7,ENST00000342136,21,1,33252756,33252759,TAGA,GRCh38,79,Human,"No crisprs found overlapping insertion site"
HGNC:28881,INADL,ENSG00000132849,ENSE00003617026,396,20,ENST00000371158,1,1,61864401,61864404,GAGA,GRCh38,79,Human,"No crisprs found overlapping insertion site"
HGNC:28881,INADL,ENSG00000132849,ENSE00003617420,167,3,ENST00000371158,1,1,61763087,61763090,GAGA,GRCh38,79,Human,"No crisprs found overlapping insertion site"
HGNC:26956,INO80,ENSG00000128908,ENSE00001614888,156,5,ENST00000361937,15,-1,41092100,41092103,GAGA,GRCh38,79,Human,"No crisprs found overlapping insertion site"
HGNC:17870,INVS,ENSG00000119509,ENSE00000983255,156,9,ENST00000262457,9,1,100252352,100252355,TAGA,GRCh38,79,Human,"No crisprs found overlapping insertion site"
HGNC:6181,ITPR2,ENSG00000123104,ENSE00001488340,147,8,ENST00000381340,12,-1,26715382,26715385,GAGA,GRCh38,79,Human,"No crisprs found overlapping insertion site"
HGNC:6181,ITPR2,ENSG00000123104,ENSE00001488326,173,16,ENST00000381340,12,-1,26659179,26659182,TAGA,GRCh38,79,Human,"No crisprs found overlapping insertion site"
HGNC:12313,JMJD1C,ENSG00000171988,ENSE00003714117,1679,8,ENST00000399262,10,-1,63215006,63215009,GAGA,GRCh38,79,Human,"No crisprs found overlapping insertion site"
HGNC:12313,JMJD1C,ENSG00000171988,ENSE00003714117,1679,8,ENST00000399262,10,-1,63215035,63215038,GAGA,GRCh38,79,Human,"No crisprs found overlapping insertion site"
HGNC:12313,JMJD1C,ENSG00000171988,ENSE00003714117,1679,8,ENST00000399262,10,-1,63214998,63215001,TAGA,GRCh38,79,Human,"No crisprs found overlapping insertion site"
HGNC:6200,JRKL,ENSG00000183340,ENSE00001328663,2775,2,ENST00000332349,11,1,96391128,96391131,GAGA,GRCh38,79,Human,"No crisprs found overlapping insertion site"
HGNC:22934,KBTBD3,ENSG00000182359,ENSE00001303403,245,2,ENST00000526793,11,-1,106058960,106058963,TAGA,GRCh38,79,Human,"No crisprs found overlapping insertion site"
HGNC:23378,KIAA2026,ENSG00000183354,ENSE00001312105,4302,8,ENST00000399933,9,-1,5923099,5923102,TAGA,GRCh38,79,Human,"No crisprs found overlapping insertion site"
HGNC:7212,KIF20B,ENSG00000138182,ENSE00001628880,288,13,ENST00000371728,10,1,89719495,89719498,TAGA,GRCh38,79,Human,"No crisprs found overlapping insertion site"
HGNC:19349,KIF21A,ENSG00000139116,ENSE00001332331,189,15,ENST00000361418,12,-1,39341022,39341025,TAGA,GRCh38,79,Human,"No crisprs found overlapping insertion site"
HGNC:25947,KLHL24,ENSG00000114796,ENSE00001300733,981,4,ENST00000454652,3,1,183650756,183650759,GAGA,GRCh38,79,Human,"No crisprs found overlapping insertion site"
HGNC:21353,KLHL31,ENSG00000124743,ENSE00001551352,1205,2,ENST00000370905,6,-1,53655205,53655208,TAGA,GRCh38,79,Human,"No crisprs found overlapping insertion site"
HGNC:21353,KLHL31,ENSG00000124743,ENSE00001551352,1205,2,ENST00000370905,6,-1,53654608,53654611,TAGA,GRCh38,79,Human,"No crisprs found overlapping insertion site"
HGNC:7132,KMT2A,ENSG00000118058,ENSE00002704839,2654,3,ENST00000534358,11,1,118472779,118472782,TAGA,GRCh38,79,Human,"No crisprs found overlapping insertion site"
HGNC:33765,LEKR1,ENSG00000197980,ENSE00003626620,215,3,ENST00000491763,3,1,156852892,156852895,TAGA,GRCh38,79,Human,"No crisprs found overlapping insertion site"
HGNC:33765,LEKR1,ENSG00000197980,ENSE00003626620,215,3,ENST00000491763,3,1,156852905,156852908,GAGA,GRCh38,79,Human,"No crisprs found overlapping insertion site"
HGNC:30401,LEO1,ENSG00000166477,ENSE00001103317,756,2,ENST00000299601,15,-1,51966302,51966305,TAGA,GRCh38,79,Human,"No crisprs found overlapping insertion site"
HGNC:21207,LINGO2,ENSG00000174482,ENSE00001483298,2629,6,ENST00000379992,9,-1,27950235,27950238,TAGA,GRCh38,79,Human,"No crisprs found overlapping insertion site"
HGNC:30692,LRRC8B,ENSG00000197147,ENSE00001067376,2165,5,ENST00000330947,1,1,89583415,89583418,TAGA,GRCh38,79,Human,"No crisprs found overlapping insertion site"
HGNC:35155,LRRC70,ENSG00000186105,ENSE00001337991,2048,2,ENST00000334994,5,1,62580301,62580304,TAGA,GRCh38,79,Human,"No crisprs found overlapping insertion site"
HGNC:1968,LYST,ENSG00000143669,ENSE00003571882,2080,5,ENST00000389793,1,-1,235809726,235809729,TAGA,GRCh38,79,Human,"No crisprs found overlapping insertion site"
HGNC:1968,LYST,ENSG00000143669,ENSE00003571882,2080,5,ENST00000389793,1,-1,235809805,235809808,TAGA,GRCh38,79,Human,"No crisprs found overlapping insertion site"
HGNC:6824,MAN2A1,ENSG00000112893,ENSE00000972069,255,2,ENST00000261483,5,1,109713583,109713586,GAGA,GRCh38,79,Human,"No crisprs found overlapping insertion site"
HGNC:6839,MAP2,ENSG00000078018,ENSE00001173465,3726,7,ENST00000360351,2,1,209694254,209694257,TAGA,GRCh38,79,Human,"No crisprs found overlapping insertion site"
HGNC:6983,ME1,ENSG00000065833,ENSE00003566911,150,3,ENST00000369705,6,-1,83398443,83398446,GAGA,GRCh38,79,Human,"No crisprs found overlapping insertion site"
HGNC:2370,MED14,ENSG00000180182,ENSE00001227795,151,9,ENST00000324817,X,-1,40710062,40710065,GAGA,GRCh38,79,Human,"No crisprs found overlapping insertion site"
HGNC:6996,MEF2C,ENSG00000081189,ENSE00002383329,204,4,ENST00000340208,5,-1,88804729,88804732,GAGA,GRCh38,79,Human,"No crisprs found overlapping insertion site"
HGNC:26670,MEIOC,ENSG00000180336,ENSE00003463175,1858,5,ENST00000409122,17,1,44666862,44666865,TAGA,GRCh38,79,Human,"No crisprs found overlapping insertion site"
HGNC:13361,MEPE,ENSG00000152595,ENSE00003607859,1841,4,ENST00000424957,4,1,87845144,87845147,TAGA,GRCh38,79,Human,"No crisprs found overlapping insertion site"
HGNC:20190,MIS18BP1,ENSG00000129534,ENSE00001092761,485,4,ENST00000310806,14,-1,45242318,45242321,GAGA,GRCh38,79,Human,"No crisprs found overlapping insertion site"
HGNC:29636,MNS1,ENSG00000138587,ENSE00000884881,230,5,ENST00000260453,15,-1,56444555,56444558,TAGA,GRCh38,79,Human,"No crisprs found overlapping insertion site"
HGNC:29810,MPHOSPH8,ENSG00000196199,ENSE00001784636,849,3,ENST00000361479,13,1,19646780,19646783,GAGA,GRCh38,79,Human,"No crisprs found overlapping insertion site"
HGNC:29810,MPHOSPH8,ENSG00000196199,ENSE00001784636,849,3,ENST00000361479,13,1,19647113,19647116,TAGA,GRCh38,79,Human,"No crisprs found overlapping insertion site"
HGNC:7419,MT-CO1,ENSG00000198804,ENSE00001435647,1542,1,ENST00000361624,MT,1,6130,6133,GAGG,GRCh38,79,Human,"No crisprs found overlapping insertion site"
HGNC:7419,MT-CO1,ENSG00000198804,ENSE00001435647,1542,1,ENST00000361624,MT,1,6258,6261,GAGG,GRCh38,79,Human,"No crisprs found overlapping insertion site"
HGNC:7419,MT-CO1,ENSG00000198804,ENSE00001435647,1542,1,ENST00000361624,MT,1,6331,6334,TAGA,GRCh38,79,Human,"No crisprs found overlapping insertion site"
HGNC:7419,MT-CO1,ENSG00000198804,ENSE00001435647,1542,1,ENST00000361624,MT,1,6046,6049,TAGG,GRCh38,79,Human,"No crisprs found overlapping insertion site"
HGNC:7419,MT-CO1,ENSG00000198804,ENSE00001435647,1542,1,ENST00000361624,MT,1,6574,6577,GAGG,GRCh38,79,Human,"No crisprs found overlapping insertion site"
HGNC:7419,MT-CO1,ENSG00000198804,ENSE00001435647,1542,1,ENST00000361624,MT,1,5989,5992,TAGG,GRCh38,79,Human,"No crisprs found overlapping insertion site"
HGNC:7419,MT-CO1,ENSG00000198804,ENSE00001435647,1542,1,ENST00000361624,MT,1,6379,6382,TAGG,GRCh38,79,Human,"No crisprs found overlapping insertion site"
HGNC:7419,MT-CO1,ENSG00000198804,ENSE00001435647,1542,1,ENST00000361624,MT,1,6580,6583,GAGA,GRCh38,79,Human,"No crisprs found overlapping insertion site"
HGNC:7422,MT-CO3,ENSG00000198938,ENSE00001608952,784,1,ENST00000362079,MT,1,9541,9544,TAGG,GRCh38,79,Human,"No crisprs found overlapping insertion site"
HGNC:7422,MT-CO3,ENSG00000198938,ENSE00001608952,784,1,ENST00000362079,MT,1,9340,9343,TAGG,GRCh38,79,Human,"No crisprs found overlapping insertion site"
HGNC:7422,MT-CO3,ENSG00000198938,ENSE00001608952,784,1,ENST00000362079,MT,1,9394,9397,GAGA,GRCh38,79,Human,"No crisprs found overlapping insertion site"
HGNC:7422,MT-CO3,ENSG00000198938,ENSE00001608952,784,1,ENST00000362079,MT,1,9586,9589,TAGA,GRCh38,79,Human,"No crisprs found overlapping insertion site"
HGNC:7427,MT-CYB,ENSG00000198727,ENSE00001436074,1141,1,ENST00000361789,MT,1,15255,15258,TAGA,GRCh38,79,Human,"No crisprs found overlapping insertion site"
HGNC:7427,MT-CYB,ENSG00000198727,ENSE00001436074,1141,1,ENST00000361789,MT,1,15045,15048,GAGG,GRCh38,79,Human,"No crisprs found overlapping insertion site"
HGNC:7427,MT-CYB,ENSG00000198727,ENSE00001436074,1141,1,ENST00000361789,MT,1,15132,15135,TAGG,GRCh38,79,Human,"No crisprs found overlapping insertion site"
HGNC:7427,MT-CYB,ENSG00000198727,ENSE00001436074,1141,1,ENST00000361789,MT,1,14958,14961,GAGA,GRCh38,79,Human,"No crisprs found overlapping insertion site"
HGNC:7427,MT-CYB,ENSG00000198727,ENSE00001436074,1141,1,ENST00000361789,MT,1,15240,15243,GAGG,GRCh38,79,Human,"No crisprs found overlapping insertion site"
HGNC:7427,MT-CYB,ENSG00000198727,ENSE00001436074,1141,1,ENST00000361789,MT,1,15150,15153,GAGG,GRCh38,79,Human,"No crisprs found overlapping insertion site"
HGNC:7427,MT-CYB,ENSG00000198727,ENSE00001436074,1141,1,ENST00000361789,MT,1,15168,15171,GAGG,GRCh38,79,Human,"No crisprs found overlapping insertion site"
HGNC:7456,MT-ND2,ENSG00000198763,ENSE00001435686,1042,1,ENST00000361453,MT,1,4561,4564,TAGG,GRCh38,79,Human,"No crisprs found overlapping insertion site"
HGNC:7456,MT-ND2,ENSG00000198763,ENSE00001435686,1042,1,ENST00000361453,MT,1,4786,4789,TAGG,GRCh38,79,Human,"No crisprs found overlapping insertion site"
HGNC:7456,MT-ND2,ENSG00000198763,ENSE00001435686,1042,1,ENST00000361453,MT,1,4567,4570,TAGA,GRCh38,79,Human,"No crisprs found overlapping insertion site"
HGNC:7456,MT-ND2,ENSG00000198763,ENSE00001435686,1042,1,ENST00000361453,MT,1,4969,4972,GAGG,GRCh38,79,Human,"No crisprs found overlapping insertion site"
HGNC:7456,MT-ND2,ENSG00000198763,ENSE00001435686,1042,1,ENST00000361453,MT,1,4818,4821,GAGG,GRCh38,79,Human,"No crisprs found overlapping insertion site"
HGNC:7458,MT-ND3,ENSG00000198840,ENSE00001435444,346,1,ENST00000361227,MT,1,10150,10153,TAGA,GRCh38,79,Human,"No crisprs found overlapping insertion site"
HGNC:7459,MT-ND4,ENSG00000198886,ENSE00001666004,1378,1,ENST00000361381,MT,1,11271,11274,TAGG,GRCh38,79,Human,"No crisprs found overlapping insertion site"
HGNC:7459,MT-ND4,ENSG00000198886,ENSE00001666004,1378,1,ENST00000361381,MT,1,11166,11169,GAGG,GRCh38,79,Human,"No crisprs found overlapping insertion site"
HGNC:7459,MT-ND4,ENSG00000198886,ENSE00001666004,1378,1,ENST00000361381,MT,1,11223,11226,TAGG,GRCh38,79,Human,"No crisprs found overlapping insertion site"
HGNC:7460,MT-ND4L,ENSG00000212907,ENSE00001596097,297,1,ENST00000361335,MT,1,10567,10570,TAGA,GRCh38,79,Human,"No crisprs found overlapping insertion site"
HGNC:7461,MT-ND5,ENSG00000198786,ENSE00001435330,1812,1,ENST00000361567,MT,1,12776,12779,TAGG,GRCh38,79,Human,"No crisprs found overlapping insertion site"
HGNC:7461,MT-ND5,ENSG00000198786,ENSE00001435330,1812,1,ENST00000361567,MT,1,12923,12926,GAGA,GRCh38,79,Human,"No crisprs found overlapping insertion site"
HGNC:7461,MT-ND5,ENSG00000198786,ENSE00001435330,1812,1,ENST00000361567,MT,1,13016,13019,TAGG,GRCh38,79,Human,"No crisprs found overlapping insertion site"
HGNC:7461,MT-ND5,ENSG00000198786,ENSE00001435330,1812,1,ENST00000361567,MT,1,12581,12584,TAGA,GRCh38,79,Human,"No crisprs found overlapping insertion site"
HGNC:7461,MT-ND5,ENSG00000198786,ENSE00001435330,1812,1,ENST00000361567,MT,1,12977,12980,TAGG,GRCh38,79,Human,"No crisprs found overlapping insertion site"
HGNC:7461,MT-ND5,ENSG00000198786,ENSE00001435330,1812,1,ENST00000361567,MT,1,13175,13178,TAGG,GRCh38,79,Human,"No crisprs found overlapping insertion site"
HGNC:7461,MT-ND5,ENSG00000198786,ENSE00001435330,1812,1,ENST00000361567,MT,1,12767,12770,GAGA,GRCh38,79,Human,"No crisprs found overlapping insertion site"
HGNC:7461,MT-ND5,ENSG00000198786,ENSE00001435330,1812,1,ENST00000361567,MT,1,13046,13049,TAGA,GRCh38,79,Human,"No crisprs found overlapping insertion site"
HGNC:7461,MT-ND5,ENSG00000198786,ENSE00001435330,1812,1,ENST00000361567,MT,1,12506,12509,TAGA,GRCh38,79,Human,"No crisprs found overlapping insertion site"
HGNC:7461,MT-ND5,ENSG00000198786,ENSE00001435330,1812,1,ENST00000361567,MT,1,12638,12641,TAGA,GRCh38,79,Human,"No crisprs found overlapping insertion site"
HGNC:7462,MT-ND6,ENSG00000198695,ENSE00001434974,525,1,ENST00000361681,MT,-1,14433,14436,GAGG,GRCh38,79,Human,"No crisprs found overlapping insertion site"
HGNC:7462,MT-ND6,ENSG00000198695,ENSE00001434974,525,1,ENST00000361681,MT,-1,14528,14531,GAGG,GRCh38,79,Human,"No crisprs found overlapping insertion site"
HGNC:7462,MT-ND6,ENSG00000198695,ENSE00001434974,525,1,ENST00000361681,MT,-1,14445,14448,GAGG,GRCh38,79,Human,"No crisprs found overlapping insertion site"
HGNC:7462,MT-ND6,ENSG00000198695,ENSE00001434974,525,1,ENST00000361681,MT,-1,14492,14495,TAGG,GRCh38,79,Human,"No crisprs found overlapping insertion site"
HGNC:7462,MT-ND6,ENSG00000198695,ENSE00001434974,525,1,ENST00000361681,MT,-1,14412,14415,GAGG,GRCh38,79,Human,"No crisprs found overlapping insertion site"
HGNC:26583,MUM1L1,ENSG00000157502,ENSE00001564207,3737,5,ENST00000337685,X,1,106206051,106206054,GAGA,GRCh38,79,Human,"No crisprs found overlapping insertion site"
HGNC:23386,MYCBP2,ENSG00000005810,ENSE00003601110,222,33,ENST00000544440,13,-1,77181763,77181766,GAGA,GRCh38,79,Human,"No crisprs found overlapping insertion site"
HGNC:29851,N4BP2,ENSG00000078177,ENSE00003559812,2378,9,ENST00000261435,4,1,40120000,40120003,TAGA,GRCh38,79,Human,"No crisprs found overlapping insertion site"
HGNC:20681,NBEAL1,ENSG00000144426,ENSE00002208676,576,27,ENST00000449802,2,1,203135808,203135811,TAGA,GRCh38,79,Human,"No crisprs found overlapping insertion site"
HGNC:7669,NCOA2,ENSG00000140396,ENSE00000942876,173,4,ENST00000452400,8,-1,70213980,70213983,TAGA,GRCh38,79,Human,"No crisprs found overlapping insertion site"
HGNC:7720,NEB,ENSG00000183091,ENSE00002530384,312,37,ENST00000618972,2,-1,151672542,151672545,GAGA,GRCh38,79,Human,"No crisprs found overlapping insertion site"
HGNC:29557,NEXN,ENSG00000162614,ENSE00001650072,192,3,ENST00000334785,1,1,77917688,77917691,TAGA,GRCh38,79,Human,"No crisprs found overlapping insertion site"
HGNC:23387,NOL8,ENSG00000198000,ENSE00003556685,1872,7,ENST00000545558,9,-1,92315380,92315383,TAGA,GRCh38,79,Human,"No crisprs found overlapping insertion site"
HGNC:20186,NRDE2,ENSG00000119720,ENSE00001724111,234,3,ENST00000354366,14,-1,90316745,90316748,TAGA,GRCh38,79,Human,"No crisprs found overlapping insertion site"
HGNC:8044,NUCB2,ENSG00000070081,ENSE00003359747,186,7,ENST00000529010,11,1,17310938,17310941,GAGA,GRCh38,79,Human,"No crisprs found overlapping insertion site"
HGNC:29291,NYAP2,ENSG00000144460,ENSE00001687005,238,2,ENST00000272907,2,1,225409011,225409014,GAGA,GRCh38,79,Human,"No crisprs found overlapping insertion site"
HGNC:15296,OR5T2,ENSG00000181718,ENSE00001270808,1080,1,ENST00000313264,11,-1,56233070,56233073,TAGA,GRCh38,79,Human,"No crisprs found overlapping insertion site"
HGNC:1355,OSGIN2,ENSG00000164823,ENSE00002111228,3386,6,ENST00000451899,8,1,89924661,89924664,GAGA,GRCh38,79,Human,"No crisprs found overlapping insertion site"
HGNC:8701,PCDHGA3,ENSG00000254245,ENSE00000898592,2590,1,ENST00000253812,5,1,141344389,141344392,TAGA,GRCh38,79,Human,"No crisprs found overlapping insertion site"
HGNC:8697,PCDHGA10,ENSG00000253846,ENSE00001792208,2436,1,ENST00000398610,5,1,141413549,141413552,TAGA,GRCh38,79,Human,"No crisprs found overlapping insertion site"
HGNC:8736,PCNX2,ENSG00000135749,ENSE00003627298,1317,5,ENST00000258229,1,-1,233258202,233258205,GAGA,GRCh38,79,Human,"No crisprs found overlapping insertion site"
HGNC:20418,PDS5B,ENSG00000083642,ENSE00001624195,140,16,ENST00000315596,13,1,32699798,32699801,GAGA,GRCh38,79,Human,"No crisprs found overlapping insertion site"
HGNC:8821,PDZK1,ENSG00000174827,ENSE00003604937,196,5,ENST00000417171,1,-1,145681016,145681019,GAGA,GRCh38,79,Human,"No crisprs found overlapping insertion site"
HGNC:22203,PHF14,ENSG00000106443,ENSE00003531392,788,3,ENST00000403050,7,1,10982456,10982459,TAGA,GRCh38,79,Human,"No crisprs found overlapping insertion site"
HGNC:16098,PHF20,ENSG00000025293,ENSE00003467323,388,6,ENST00000374012,20,1,35863099,35863102,GAGA,GRCh38,79,Human,"No crisprs found overlapping insertion site"
HGNC:9015,PKDREJ,ENSG00000130943,ENSE00001252785,7693,1,ENST00000253255,22,-1,46261898,46261901,TAGA,GRCh38,79,Human,"No crisprs found overlapping insertion site"
HGNC:9406,PKN2,ENSG00000065243,ENSE00001707510,301,2,ENST00000370521,1,1,88741184,88741187,TAGA,GRCh38,79,Human,"No crisprs found overlapping insertion site"
HGNC:29185,PLCH1,ENSG00000114805,ENSE00001634529,162,11,ENST00000340059,3,-1,155514802,155514805,GAGA,GRCh38,79,Human,"No crisprs found overlapping insertion site"
HGNC:29185,PLCH1,ENSG00000114805,ENSE00000967916,171,5,ENST00000340059,3,-1,155583565,155583568,GAGA,GRCh38,79,Human,"No crisprs found overlapping insertion site"
HGNC:19218,PLCZ1,ENSG00000139151,ENSE00003640816,232,4,ENST00000266505,12,-1,18723452,18723455,GAGA,GRCh38,79,Human,"No crisprs found overlapping insertion site"
HGNC:19218,PLCZ1,ENSG00000139151,ENSE00003563485,202,5,ENST00000266505,12,-1,18719547,18719550,TAGA,GRCh38,79,Human,"No crisprs found overlapping insertion site"
HGNC:9291,PPP1R3A,ENSG00000154415,ENSE00001015769,851,1,ENST00000284601,7,-1,113918534,113918537,GAGA,GRCh38,79,Human,"No crisprs found overlapping insertion site"
HGNC:29089,PPP1R26,ENSG00000196422,ENSE00001432005,4445,4,ENST00000356818,9,1,135485199,135485202,TAGA,GRCh38,79,Human,"No crisprs found overlapping insertion site"
HGNC:9307,PPP2R3A,ENSG00000073711,ENSE00001183986,2435,2,ENST00000264977,3,1,136002412,136002415,TAGA,GRCh38,79,Human,"No crisprs found overlapping insertion site"
HGNC:24908,PRAMEF19,ENSG00000204480,ENSE00001664370,579,2,ENST00000376101,1,-1,13370916,13370919,TAGA,GRCh38,79,Human,"No crisprs found overlapping insertion site"
HGNC:30228,PREPL,ENSG00000138078,ENSE00001577648,542,2,ENST00000409936,2,-1,44359596,44359599,TAGA,GRCh38,79,Human,"No crisprs found overlapping insertion site"
HGNC:9364,PRG4,ENSG00000116690,ENSE00000823017,2823,7,ENST00000445192,1,1,186306560,186306563,GAGA,GRCh38,79,Human,"No crisprs found overlapping insertion site"
HGNC:14873,RAI14,ENSG00000039560,ENSE00002200991,1536,17,ENST00000515799,5,1,34823148,34823151,GAGA,GRCh38,79,Human,"No crisprs found overlapping insertion site"
HGNC:9848,RANBP2,ENSG00000153201,ENSE00002533119,138,14,ENST00000283195,2,1,108753499,108753502,TAGA,GRCh38,79,Human,"No crisprs found overlapping insertion site"
HGNC:9876,RASGRF2,ENSG00000113319,ENSE00000971627,161,10,ENST00000265080,5,1,81092886,81092889,GAGA,GRCh38,79,Human,"No crisprs found overlapping insertion site"
HGNC:15574,RB1CC1,ENSG00000023287,ENSE00000693785,185,9,ENST00000025008,8,-1,52661598,52661601,TAGA,GRCh38,79,Human,"No crisprs found overlapping insertion site"
HGNC:9891,RBBP8,ENSG00000101773,ENSE00000666787,892,11,ENST00000399722,18,1,22992942,22992945,TAGA,GRCh38,79,Human,"No crisprs found overlapping insertion site"
HGNC:9894,RBL2,ENSG00000103479,ENSE00003468455,201,3,ENST00000262133,16,1,53442741,53442744,TAGA,GRCh38,79,Human,"No crisprs found overlapping insertion site"
HGNC:24790,RBM43,ENSG00000184898,ENSE00001295653,3725,4,ENST00000331426,2,-1,151251456,151251459,TAGA,GRCh38,79,Human,"No crisprs found overlapping insertion site"
HGNC:24756,RBM44,ENSG00000177483,ENSE00003515352,1604,3,ENST00000316997,2,1,237817423,237817426,TAGA,GRCh38,79,Human,"No crisprs found overlapping insertion site"
HGNC:9968,REV3L,ENSG00000009413,ENSE00003667198,4162,14,ENST00000358835,6,-1,111374435,111374438,TAGA,GRCh38,79,Human,"No crisprs found overlapping insertion site"
HGNC:32414,RGPD1,ENSG00000187627,ENSE00002448953,138,14,ENST00000559485,2,1,86976226,86976229,TAGA,GRCh38,79,Human,"No crisprs found overlapping insertion site"
HGNC:32417,RGPD4,ENSG00000196862,ENSE00002445986,138,14,ENST00000408999,2,1,107861267,107861270,TAGA,GRCh38,79,Human,"No crisprs found overlapping insertion site"
HGNC:32418,RGPD5,ENSG00000015568,ENSE00003470180,138,14,ENST00000016946,2,1,109826374,109826377,TAGA,GRCh38,79,Human,"No crisprs found overlapping insertion site"
HGNC:10025,RLF,ENSG00000117000,ENSE00001458614,5130,8,ENST00000372771,1,1,40236840,40236843,GAGA,GRCh38,79,Human,"No crisprs found overlapping insertion site"
HGNC:10060,RNF17,ENSG00000132972,ENSE00003570612,172,7,ENST00000255324,13,1,24788070,24788073,GAGA,GRCh38,79,Human,"No crisprs found overlapping insertion site"
HGNC:10274,RP2,ENSG00000102218,ENSE00000669241,666,2,ENST00000218340,X,1,46853575,46853578,GAGA,GRCh38,79,Human,"No crisprs found overlapping insertion site"
HGNC:29168,RPGRIP1L,ENSG00000103494,ENSE00003484827,180,13,ENST00000379925,16,-1,53657546,53657549,GAGA,GRCh38,79,Human,"No crisprs found overlapping insertion site"
HGNC:18118,RSF1,ENSG00000048649,ENSE00001182767,1775,6,ENST00000308488,11,-1,77702133,77702136,GAGA,GRCh38,79,Human,"No crisprs found overlapping insertion site"
HGNC:20993,RWDD1,ENSG00000111832,ENSE00003511380,144,4,ENST00000466444,6,1,116588915,116588918,TAGA,GRCh38,79,Human,"No crisprs found overlapping insertion site"
HGNC:10519,SACS,ENSG00000151835,ENSE00003737587,12868,10,ENST00000382298,13,-1,23337716,23337719,GAGA,GRCh38,79,Human,"No crisprs found overlapping insertion site"
HGNC:10519,SACS,ENSG00000151835,ENSE00003583465,1489,8,ENST00000382298,13,-1,23354858,23354861,TAGA,GRCh38,79,Human,"No crisprs found overlapping insertion site"
HGNC:1349,SAMD9L,ENSG00000177409,ENSE00001277824,5937,5,ENST00000318238,7,-1,93135544,93135547,TAGA,GRCh38,79,Human,"No crisprs found overlapping insertion site"
HGNC:10784,SCAF11,ENSG00000139218,ENSE00001800405,2718,11,ENST00000369367,12,-1,45928326,45928329,GAGA,GRCh38,79,Human,"No crisprs found overlapping insertion site"
HGNC:10588,SCN2A,ENSG00000136531,ENSE00003650170,288,11,ENST00000375437,2,1,165315540,165315543,GAGA,GRCh38,79,Human,"No crisprs found overlapping insertion site"
HGNC:42937,SETSIP,ENSG00000230667,ENSE00003140922,909,1,ENST00000596516,1,-1,92075245,92075248,TAGA,GRCh38,79,Human,"No crisprs found overlapping insertion site"
HGNC:29574,SFR1,ENSG00000156384,ENSE00001026104,411,3,ENST00000369727,10,1,104123892,104123895,TAGA,GRCh38,79,Human,"No crisprs found overlapping insertion site"
HGNC:30812,SGOL2,ENSG00000163535,ENSE00001420297,2928,7,ENST00000357799,2,1,200571948,200571951,TAGA,GRCh38,79,Human,"No crisprs found overlapping insertion site"
HGNC:30812,SGOL2,ENSG00000163535,ENSE00001180760,176,3,ENST00000357799,2,1,200535070,200535073,GAGA,GRCh38,79,Human,"No crisprs found overlapping insertion site"
HGNC:30812,SGOL2,ENSG00000163535,ENSE00001180760,176,3,ENST00000357799,2,1,200535060,200535063,TAGA,GRCh38,79,Human,"No crisprs found overlapping insertion site"
HGNC:11030,SLC4A4,ENSG00000080493,ENSE00001170647,180,3,ENST00000425175,4,1,71255330,71255333,GAGA,GRCh38,79,Human,"No crisprs found overlapping insertion site"
HGNC:22981,SLC10A5,ENSG00000253598,ENSE00002098482,2568,1,ENST00000518568,8,-1,81694884,81694887,TAGA,GRCh38,79,Human,"No crisprs found overlapping insertion site"
HGNC:8818,SLC26A4,ENSG00000091137,ENSE00000715624,185,5,ENST00000265715,7,1,107674275,107674278,TAGA,GRCh38,79,Human,"No crisprs found overlapping insertion site"
HGNC:25500,SLFN12,ENSG00000172123,ENSE00001160241,1079,4,ENST00000394562,17,-1,35422368,35422371,GAGA,GRCh38,79,Human,"No crisprs found overlapping insertion site"
HGNC:33920,SLFN12L,ENSG00000205045,ENSE00001477537,1079,2,ENST00000260908,17,-1,35479495,35479498,GAGA,GRCh38,79,Human,"No crisprs found overlapping insertion site"
HGNC:23501,SLITRK3,ENSG00000121871,ENSE00001837903,4132,2,ENST00000475390,3,-1,165190418,165190421,TAGA,GRCh38,79,Human,"No crisprs found overlapping insertion site"
HGNC:23503,SLITRK6,ENSG00000184564,ENSE00001542262,3743,2,ENST00000400286,13,-1,85795989,85795992,GAGA,GRCh38,79,Human,"No crisprs found overlapping insertion site"
HGNC:20466,SMC6,ENSG00000163029,ENSE00001070798,147,12,ENST00000448223,2,-1,17718154,17718157,GAGA,GRCh38,79,Human,"No crisprs found overlapping insertion site"
HGNC:18119,SPATA5,ENSG00000145375,ENSE00003546039,642,5,ENST00000274008,4,1,122934597,122934600,GAGA,GRCh38,79,Human,"No crisprs found overlapping insertion site"
HGNC:17575,SPEN,ENSG00000065526,ENSE00000827978,8176,11,ENST00000375759,1,1,15930472,15930475,GAGA,GRCh38,79,Human,"No crisprs found overlapping insertion site"
HGNC:21923,STEAP4,ENSG00000127954,ENSE00001483677,528,3,ENST00000380079,7,-1,88282960,88282963,GAGA,GRCh38,79,Human,"No crisprs found overlapping insertion site"
HGNC:19205,STIM2,ENSG00000109689,ENSE00000708838,168,8,ENST00000465503,4,1,27007633,27007636,TAGA,GRCh38,79,Human,"No crisprs found overlapping insertion site"
HGNC:11487,SYCP1,ENSG00000198765,ENSE00001435507,165,6,ENST00000369522,1,1,114858636,114858639,GAGA,GRCh38,79,Human,"No crisprs found overlapping insertion site"
HGNC:17084,SYNE2,ENSG00000054654,ENSE00003742298,2101,48,ENST00000358025,14,1,64053078,64053081,GAGA,GRCh38,79,Human,"No crisprs found overlapping insertion site"
HGNC:17084,SYNE2,ENSG00000054654,ENSE00003718231,150,18,ENST00000358025,14,1,63983815,63983818,GAGA,GRCh38,79,Human,"No crisprs found overlapping insertion site"
HGNC:18888,TAS2R42,ENSG00000186136,ENSE00001340074,945,1,ENST00000334266,12,-1,11186492,11186495,TAGA,GRCh38,79,Human,"No crisprs found overlapping insertion site"
HGNC:20612,TDRD3,ENSG00000083544,ENSE00000923619,157,9,ENST00000535286,13,1,60509851,60509854,TAGA,GRCh38,79,Human,"No crisprs found overlapping insertion site"
HGNC:21339,TDRD6,ENSG00000180113,ENSE00001454981,6046,1,ENST00000316081,6,1,46691163,46691166,TAGA,GRCh38,79,Human,"No crisprs found overlapping insertion site"
HGNC:25941,TET2,ENSG00000168769,ENSE00003645006,3455,3,ENST00000540549,4,1,105235979,105235982,TAGA,GRCh38,79,Human,"No crisprs found overlapping insertion site"
HGNC:11738,TEX15,ENSG00000133863,ENSE00001314985,7089,1,ENST00000256246,8,-1,30847384,30847387,GAGA,GRCh38,79,Human,"No crisprs found overlapping insertion site"
HGNC:11738,TEX15,ENSG00000133863,ENSE00001314985,7089,1,ENST00000256246,8,-1,30848101,30848104,TAGA,GRCh38,79,Human,"No crisprs found overlapping insertion site"
HGNC:11738,TEX15,ENSG00000133863,ENSE00001314985,7089,1,ENST00000256246,8,-1,30845203,30845206,TAGA,GRCh38,79,Human,"No crisprs found overlapping insertion site"
HGNC:11738,TEX15,ENSG00000133863,ENSE00001314985,7089,1,ENST00000256246,8,-1,30847348,30847351,TAGA,GRCh38,79,Human,"No crisprs found overlapping insertion site"
HGNC:11738,TEX15,ENSG00000133863,ENSE00001314985,7089,1,ENST00000256246,8,-1,30847022,30847025,GAGA,GRCh38,79,Human,"No crisprs found overlapping insertion site"
HGNC:14890,THUMPD2,ENSG00000138050,ENSE00003467368,410,3,ENST00000505747,2,-1,39769933,39769936,TAGA,GRCh38,79,Human,"No crisprs found overlapping insertion site"
HGNC:16711,TLR6,ENSG00000174130,ENSE00001639983,5823,2,ENST00000436693,4,-1,38828545,38828548,TAGA,GRCh38,79,Human,"No crisprs found overlapping insertion site"
HGNC:16711,TLR6,ENSG00000174130,ENSE00001639983,5823,2,ENST00000436693,4,-1,38829228,38829231,GAGA,GRCh38,79,Human,"No crisprs found overlapping insertion site"
HGNC:16711,TLR6,ENSG00000174130,ENSE00001639983,5823,2,ENST00000436693,4,-1,38828989,38828992,TAGA,GRCh38,79,Human,"No crisprs found overlapping insertion site"
HGNC:11870,TMF1,ENSG00000144747,ENSE00000966895,1205,2,ENST00000398559,3,-1,69047877,69047880,GAGA,GRCh38,79,Human,"No crisprs found overlapping insertion site"
HGNC:11870,TMF1,ENSG00000144747,ENSE00000966895,1205,2,ENST00000398559,3,-1,69047870,69047873,GAGA,GRCh38,79,Human,"No crisprs found overlapping insertion site"
HGNC:11969,TNRC6A,ENSG00000090905,ENSE00003546524,2586,6,ENST00000395799,16,1,24790718,24790721,TAGA,GRCh38,79,Human,"No crisprs found overlapping insertion site"
HGNC:24746,TOPAZ1,ENSG00000173769,ENSE00001179558,2419,2,ENST00000309765,3,1,44243542,44243545,GAGA,GRCh38,79,Human,"No crisprs found overlapping insertion site"
HGNC:24746,TOPAZ1,ENSG00000173769,ENSE00001179558,2419,2,ENST00000309765,3,1,44244200,44244203,TAGA,GRCh38,79,Human,"No crisprs found overlapping insertion site"
HGNC:12008,TPH1,ENSG00000129167,ENSE00000886552,184,2,ENST00000250018,11,-1,18036048,18036051,GAGA,GRCh38,79,Human,"No crisprs found overlapping insertion site"
HGNC:12017,TPR,ENSG00000047410,ENSE00003610313,149,17,ENST00000367478,1,-1,186355486,186355489,GAGA,GRCh38,79,Human,"No crisprs found overlapping insertion site"
HGNC:12017,TPR,ENSG00000047410,ENSE00003670368,163,18,ENST00000367478,1,-1,186353787,186353790,GAGA,GRCh38,79,Human,"No crisprs found overlapping insertion site"
HGNC:29169,TRAPPC8,ENSG00000153339,ENSE00001108142,257,7,ENST00000283351,18,-1,31908835,31908838,TAGA,GRCh38,79,Human,"No crisprs found overlapping insertion site"
HGNC:21162,TRIM60,ENSG00000176979,ENSE00002062409,1676,3,ENST00000512596,4,1,165040697,165040700,GAGA,GRCh38,79,Human,"No crisprs found overlapping insertion site"
HGNC:12305,TRIP11,ENSG00000100815,ENSE00001004735,3030,11,ENST00000267622,14,-1,92005991,92005994,TAGA,GRCh38,79,Human,"No crisprs found overlapping insertion site"
HGNC:12305,TRIP11,ENSG00000100815,ENSE00001004735,3030,11,ENST00000267622,14,-1,92006350,92006353,GAGA,GRCh38,79,Human,"No crisprs found overlapping insertion site"
HGNC:11313,TROVE2,ENSG00000116747,ENSE00003639502,221,3,ENST00000367446,1,1,193075964,193075967,TAGA,GRCh38,79,Human,"No crisprs found overlapping insertion site"
HGNC:11313,TROVE2,ENSG00000116747,ENSE00003639502,221,3,ENST00000367446,1,1,193075955,193075958,GAGA,GRCh38,79,Human,"No crisprs found overlapping insertion site"
HGNC:11313,TROVE2,ENSG00000116747,ENSE00003639502,221,3,ENST00000367446,1,1,193075934,193075937,TAGA,GRCh38,79,Human,"No crisprs found overlapping insertion site"
HGNC:12397,TTF1,ENSG00000125482,ENSE00001333681,1374,2,ENST00000334270,9,-1,132402424,132402427,TAGA,GRCh38,79,Human,"No crisprs found overlapping insertion site"
HGNC:12403,TTN,ENSG00000155657,ENSE00002301537,297,155,ENST00000589042,2,-1,178672071,178672074,TAGA,GRCh38,79,Human,"No crisprs found overlapping insertion site"
HGNC:12403,TTN,ENSG00000155657,ENSE00002301537,297,155,ENST00000589042,2,-1,178672081,178672084,TAGA,GRCh38,79,Human,"No crisprs found overlapping insertion site"
HGNC:14185,UBAP2,ENSG00000137073,ENSE00003522024,154,5,ENST00000379238,9,-1,33989055,33989058,TAGA,GRCh38,79,Human,"No crisprs found overlapping insertion site"
HGNC:14185,UBAP2,ENSG00000137073,ENSE00003522024,154,5,ENST00000379238,9,-1,33989051,33989054,GAGA,GRCh38,79,Human,"No crisprs found overlapping insertion site"
HGNC:14185,UBAP2,ENSG00000137073,ENSE00003522024,154,5,ENST00000379238,9,-1,33989060,33989063,GAGA,GRCh38,79,Human,"No crisprs found overlapping insertion site"
HGNC:12554,UGT2B7,ENSG00000171234,ENSE00001779277,767,1,ENST00000305231,4,1,69096889,69096892,TAGA,GRCh38,79,Human,"No crisprs found overlapping insertion site"
HGNC:17854,UPF2,ENSG00000151461,ENSE00000999707,780,2,ENST00000356352,10,-1,12029332,12029335,GAGA,GRCh38,79,Human,"No crisprs found overlapping insertion site"
HGNC:12665,VCL,ENSG00000035403,ENSE00001024263,161,6,ENST00000211998,10,1,74074821,74074824,TAGA,GRCh38,79,Human,"No crisprs found overlapping insertion site"
HGNC:1908,VPS13A,ENSG00000197969,ENSE00001024102,157,26,ENST00000360280,9,1,77276149,77276152,GAGA,GRCh38,79,Human,"No crisprs found overlapping insertion site"
HGNC:23293,WAPL,ENSG00000062650,ENSE00001702706,1026,3,ENST00000298767,10,-1,86499828,86499831,TAGA,GRCh38,79,Human,"No crisprs found overlapping insertion site"
HGNC:23293,WAPL,ENSG00000062650,ENSE00001702706,1026,3,ENST00000298767,10,-1,86500007,86500010,TAGA,GRCh38,79,Human,"No crisprs found overlapping insertion site"
HGNC:30512,WDR44,ENSG00000131725,ENSE00001686743,640,4,ENST00000254029,X,1,118392839,118392842,GAGA,GRCh38,79,Human,"No crisprs found overlapping insertion site"
HGNC:30493,WHAMM,ENSG00000156232,ENSE00003661000,170,4,ENST00000286760,15,1,82818019,82818022,GAGA,GRCh38,79,Human,"No crisprs found overlapping insertion site"
HGNC:30493,WHAMM,ENSG00000156232,ENSE00003582234,166,5,ENST00000286760,15,1,82819399,82819402,TAGA,GRCh38,79,Human,"No crisprs found overlapping insertion site"
HGNC:14303,XIRP2,ENSG00000163092,ENSE00001276753,9379,9,ENST00000409195,2,1,167245655,167245658,TAGA,GRCh38,79,Human,"No crisprs found overlapping insertion site"
HGNC:14303,XIRP2,ENSG00000163092,ENSE00001276753,9379,9,ENST00000409195,2,1,167245230,167245233,GAGA,GRCh38,79,Human,"No crisprs found overlapping insertion site"
HGNC:14303,XIRP2,ENSG00000163092,ENSE00001276753,9379,9,ENST00000409195,2,1,167245248,167245251,GAGA,GRCh38,79,Human,"No crisprs found overlapping insertion site"
HGNC:14303,XIRP2,ENSG00000163092,ENSE00001276753,9379,9,ENST00000409195,2,1,167244319,167244322,TAGA,GRCh38,79,Human,"No crisprs found overlapping insertion site"
HGNC:14303,XIRP2,ENSG00000163092,ENSE00001276753,9379,9,ENST00000409195,2,1,167245243,167245246,TAGA,GRCh38,79,Human,"No crisprs found overlapping insertion site"
HGNC:33273,ZBED6,ENSG00000257315,ENSE00002384654,4250,1,ENST00000550078,1,1,203797868,203797871,GAGA,GRCh38,79,Human,"No crisprs found overlapping insertion site"
HGNC:30804,ZBED8,ENSG00000221886,ENSE00001568387,2392,2,ENST00000408953,5,-1,160394886,160394889,TAGA,GRCh38,79,Human,"No crisprs found overlapping insertion site"
HGNC:23383,ZBTB26,ENSG00000171448,ENSE00001911340,4379,2,ENST00000373656,9,-1,122919852,122919855,GAGA,GRCh38,79,Human,"No crisprs found overlapping insertion site"
HGNC:23383,ZBTB26,ENSG00000171448,ENSE00001911340,4379,2,ENST00000373656,9,-1,122919847,122919850,GAGA,GRCh38,79,Human,"No crisprs found overlapping insertion site"
HGNC:24819,ZBTB41,ENSG00000177888,ENSE00001444438,1189,1,ENST00000367405,1,-1,197199832,197199835,TAGA,GRCh38,79,Human,"No crisprs found overlapping insertion site"
HGNC:28328,ZFC3H1,ENSG00000133858,ENSE00001334287,175,13,ENST00000378743,12,-1,71633363,71633366,TAGA,GRCh38,79,Human,"No crisprs found overlapping insertion site"
HGNC:17801,ZFP28,ENSG00000196867,ENSE00001290596,3127,8,ENST00000301318,19,1,56553953,56553956,GAGA,GRCh38,79,Human,"No crisprs found overlapping insertion site"
HGNC:16700,ZFPM2,ENSG00000169946,ENSE00002135760,3486,8,ENST00000407775,8,1,105801406,105801409,GAGA,GRCh38,79,Human,"No crisprs found overlapping insertion site"
HGNC:20756,ZFYVE16,ENSG00000039319,ENSE00003648120,2252,3,ENST00000338008,5,1,80437392,80437395,TAGA,GRCh38,79,Human,"No crisprs found overlapping insertion site"
HGNC:13055,ZMYM4,ENSG00000146463,ENSE00001765619,522,3,ENST00000314607,1,1,35359177,35359180,TAGA,GRCh38,79,Human,"No crisprs found overlapping insertion site"
HGNC:13055,ZMYM4,ENSG00000146463,ENSE00001765619,522,3,ENST00000314607,1,1,35359181,35359184,GAGA,GRCh38,79,Human,"No crisprs found overlapping insertion site"
HGNC:13097,ZNF33B,ENSG00000196693,ENSE00001865482,5593,5,ENST00000359467,10,-1,42594319,42594322,GAGA,GRCh38,79,Human,"No crisprs found overlapping insertion site"
HGNC:13099,ZNF35,ENSG00000169981,ENSE00001178523,2089,4,ENST00000396056,3,1,44658867,44658870,GAGA,GRCh38,79,Human,"No crisprs found overlapping insertion site"
HGNC:13169,ZNF93,ENSG00000184635,ENSE00001375338,2394,4,ENST00000343769,19,1,19933438,19933441,TAGA,GRCh38,79,Human,"No crisprs found overlapping insertion site"
HGNC:13175,ZNF99,ENSG00000213973,ENSE00002992853,7500,4,ENST00000596209,19,-1,22759318,22759321,TAGA,GRCh38,79,Human,"No crisprs found overlapping insertion site"
HGNC:13175,ZNF99,ENSG00000213973,ENSE00002992853,7500,4,ENST00000596209,19,-1,22759330,22759333,GAGA,GRCh38,79,Human,"No crisprs found overlapping insertion site"
HGNC:13175,ZNF99,ENSG00000213973,ENSE00002992853,7500,4,ENST00000596209,19,-1,22759423,22759426,TAGA,GRCh38,79,Human,"No crisprs found overlapping insertion site"
HGNC:13175,ZNF99,ENSG00000213973,ENSE00002992853,7500,4,ENST00000596209,19,-1,22759411,22759414,TAGA,GRCh38,79,Human,"No crisprs found overlapping insertion site"
HGNC:12880,ZNF100,ENSG00000197020,ENSE00001527418,5224,5,ENST00000358296,19,-1,21727709,21727712,TAGA,GRCh38,79,Human,"No crisprs found overlapping insertion site"
HGNC:12892,ZNF112,ENSG00000062370,ENSE00002916764,2994,5,ENST00000337401,19,-1,44329584,44329587,TAGA,GRCh38,79,Human,"No crisprs found overlapping insertion site"
HGNC:12892,ZNF112,ENSG00000062370,ENSE00002916764,2994,5,ENST00000337401,19,-1,44329250,44329253,GAGA,GRCh38,79,Human,"No crisprs found overlapping insertion site"
HGNC:12892,ZNF112,ENSG00000062370,ENSE00002916764,2994,5,ENST00000337401,19,-1,44329232,44329235,GAGA,GRCh38,79,Human,"No crisprs found overlapping insertion site"
HGNC:12892,ZNF112,ENSG00000062370,ENSE00002916764,2994,5,ENST00000337401,19,-1,44329246,44329249,GAGA,GRCh38,79,Human,"No crisprs found overlapping insertion site"
HGNC:12922,ZNF138,ENSG00000197008,ENSE00001849210,752,4,ENST00000307355,7,1,64831707,64831710,TAGA,GRCh38,79,Human,"No crisprs found overlapping insertion site"
HGNC:12970,ZNF180,ENSG00000167384,ENSE00002737877,3719,5,ENST00000221327,19,-1,44477757,44477760,GAGA,GRCh38,79,Human,"No crisprs found overlapping insertion site"
HGNC:13019,ZNF226,ENSG00000167380,ENSE00001328170,2186,7,ENST00000590089,19,1,44175907,44175910,TAGA,GRCh38,79,Human,"No crisprs found overlapping insertion site"
HGNC:13498,ZNF257,ENSG00000197134,ENSE00003023642,3504,4,ENST00000594947,19,1,22088233,22088236,TAGA,GRCh38,79,Human,"No crisprs found overlapping insertion site"
HGNC:13060,ZNF267,ENSG00000185947,ENSE00001519790,2882,4,ENST00000300870,16,1,31915030,31915033,GAGA,GRCh38,79,Human,"No crisprs found overlapping insertion site"
HGNC:33241,ZNF286B,ENSG00000249459,ENSE00002232844,4860,5,ENST00000545289,17,-1,18662785,18662788,GAGA,GRCh38,79,Human,"No crisprs found overlapping insertion site"
HGNC:33241,ZNF286B,ENSG00000249459,ENSE00002232844,4860,5,ENST00000545289,17,-1,18662798,18662801,GAGA,GRCh38,79,Human,"No crisprs found overlapping insertion site"
HGNC:18410,ZNF292,ENSG00000188994,ENSE00002110418,9547,8,ENST00000369577,6,1,87256216,87256219,GAGA,GRCh38,79,Human,"No crisprs found overlapping insertion site"
HGNC:21629,ZNF461,ENSG00000197808,ENSE00002913857,2055,6,ENST00000588268,19,-1,36639751,36639754,TAGA,GRCh38,79,Human,"No crisprs found overlapping insertion site"
HGNC:23226,ZNF471,ENSG00000196263,ENSE00001177981,5898,5,ENST00000308031,19,1,56524482,56524485,GAGA,GRCh38,79,Human,"No crisprs found overlapping insertion site"
HGNC:29009,ZNF518A,ENSG00000177853,ENSE00001235653,7556,6,ENST00000624776,10,1,96157344,96157347,TAGA,GRCh38,79,Human,"No crisprs found overlapping insertion site"
HGNC:29009,ZNF518A,ENSG00000177853,ENSE00001235653,7556,6,ENST00000624776,10,1,96156875,96156878,GAGA,GRCh38,79,Human,"No crisprs found overlapping insertion site"
HGNC:26337,ZNF534,ENSG00000198633,ENSE00001434464,1715,4,ENST00000332323,19,1,52437866,52437869,GAGA,GRCh38,79,Human,"No crisprs found overlapping insertion site"
HGNC:16759,ZNF544,ENSG00000198131,ENSE00003522903,3242,4,ENST00000269829,19,1,58261246,58261249,GAGA,GRCh38,79,Human,"No crisprs found overlapping insertion site"
HGNC:26427,ZNF583,ENSG00000198440,ENSE00002321587,4474,5,ENST00000333201,19,1,56423278,56423281,TAGA,GRCh38,79,Human,"No crisprs found overlapping insertion site"
HGNC:28068,ZNF605,ENSG00000196458,ENSE00002268210,5701,5,ENST00000392321,12,-1,132926466,132926469,TAGA,GRCh38,79,Human,"No crisprs found overlapping insertion site"
HGNC:25226,ZNF658,ENSG00000274349,ENSE00003734161,3622,5,ENST00000612867,9,1,66918077,66918080,GAGA,GRCh38,79,Human,"No crisprs found overlapping insertion site"
HGNC:28652,ZNF678,ENSG00000181450,ENSE00001815285,8126,4,ENST00000343776,1,1,227654502,227654505,TAGA,GRCh38,79,Human,"No crisprs found overlapping insertion site"
HGNC:32460,ZNF724P,ENSG00000196081,ENSE00001599470,2420,4,ENST00000418100,19,-1,23223759,23223762,TAGA,GRCh38,79,Human,"No crisprs found overlapping insertion site"
HGNC:32467,ZNF736,ENSG00000234444,ENSE00001713499,6771,4,ENST00000423484,7,1,64348430,64348433,TAGA,GRCh38,79,Human,"No crisprs found overlapping insertion site"
HGNC:26745,ZNF781,ENSG00000196381,ENSE00002740665,2806,4,ENST00000358582,19,-1,37669906,37669909,GAGA,GRCh38,79,Human,"No crisprs found overlapping insertion site"
HGNC:21711,ZNF804A,ENSG00000170396,ENSE00001164144,3710,4,ENST00000302277,2,1,184936279,184936282,GAGA,GRCh38,79,Human,"No crisprs found overlapping insertion site"
HGNC:21958,ZNF804B,ENSG00000182348,ENSE00002318419,3670,4,ENST00000333190,7,1,89334223,89334226,TAGA,GRCh38,79,Human,"No crisprs found overlapping insertion site"
HGNC:33258,ZNF814,ENSG00000204514,ENSE00001767615,2748,3,ENST00000435989,19,-1,57874358,57874361,GAGA,GRCh38,79,Human,"No crisprs found overlapping insertion site"
HGNC:33258,ZNF814,ENSG00000204514,ENSE00001767615,2748,3,ENST00000435989,19,-1,57874190,57874193,GAGA,GRCh38,79,Human,"No crisprs found overlapping insertion site"
HGNC:38709,ZNF891,ENSG00000214029,ENSE00002243826,15208,2,ENST00000537226,12,-1,133121192,133121195,GAGA,GRCh38,79,Human,"No crisprs found overlapping insertion site"
